did,name,IC,IH,IW,OC,KH,KW,M,rvv_ns,ime_ns,speedup,verify
0,l0.conv,3,64,96,16,3,3,1536,950042,994208,0.956,OK
1,l1.conv,16,32,48,32,3,3,384,1251292,1202458,1.041,OK
2,l2.cv1.conv,32,16,24,32,1,1,384,826500,867917,0.952,OK
4,l2.m0.cv1.conv,16,16,24,16,3,3,384,960709,625584,1.536,OK
5,l2.m0.cv2.conv,16,16,24,16,3,3,384,961125,626833,1.533,OK
8,l2.cv2.conv,48,16,24,32,1,1,384,946500,890083,1.063,OK
9,l3.conv,32,16,24,64,3,3,96,1117958,841459,1.329,OK
10,l4.cv1.conv,64,8,12,64,1,1,96,613417,562875,1.090,OK
12,l4.m0.cv1.conv,32,8,12,32,3,3,96,517375,429500,1.205,OK
13,l4.m0.cv2.conv,32,8,12,32,3,3,96,517625,429625,1.205,OK
15,l4.m1.cv1.conv,32,8,12,32,3,3,96,524416,431500,1.215,OK
16,l4.m1.cv2.conv,32,8,12,32,3,3,96,517375,428916,1.206,OK
19,l4.cv2.conv,128,8,12,64,1,1,96,864458,602875,1.434,OK
20,l5.conv,64,8,12,128,3,3,24,1124375,732958,1.534,OK
21,l6.cv1.conv,128,4,6,128,1,1,24,438458,324750,1.350,OK
23,l6.m0.cv1.conv,64,4,6,64,3,3,24,506125,403792,1.253,OK
24,l6.m0.cv2.conv,64,4,6,64,3,3,24,505292,404084,1.250,OK
26,l6.m1.cv1.conv,64,4,6,64,3,3,24,504166,404750,1.246,OK
27,l6.m1.cv2.conv,64,4,6,64,3,3,24,505042,404209,1.249,OK
30,l6.cv2.conv,256,4,6,128,1,1,24,763583,424125,1.800,OK
31,l7.conv,128,4,6,256,3,3,6,976833,1103250,0.885,OK
32,l8.cv1.conv,256,2,3,256,1,1,6,392666,329042,1.193,OK
34,l8.m0.cv1.conv,128,2,3,128,3,3,6,463959,450750,1.029,OK
35,l8.m0.cv2.conv,128,2,3,128,3,3,6,464625,449958,1.033,OK
38,l8.cv2.conv,384,2,3,256,1,1,6,523459,398292,1.314,OK
39,l9.cv1.conv,256,2,3,128,1,1,6,213500,162709,1.312,OK
44,l9.cv2.conv,512,2,3,256,1,1,6,662750,469500,1.412,OK
47,l12.cv1.conv,384,4,6,128,1,1,24,1040083,530750,1.960,OK
49,l12.m0.cv1.conv,64,4,6,64,3,3,24,506833,404250,1.254,OK
50,l12.m0.cv2.conv,64,4,6,64,3,3,24,507125,403292,1.257,OK
52,l12.cv2.conv,192,4,6,128,1,1,24,627208,351167,1.786,OK
55,l15.cv1.conv,192,8,12,64,1,1,96,1223417,637458,1.919,OK
57,l15.m0.cv1.conv,32,8,12,32,3,3,96,518625,430167,1.206,OK
58,l15.m0.cv2.conv,32,8,12,32,3,3,96,517291,429375,1.205,OK
60,l15.cv2.conv,96,8,12,64,1,1,96,732416,580084,1.263,OK
61,l16.conv,64,8,12,64,3,3,24,536500,453958,1.182,OK
63,l18.cv1.conv,192,4,6,128,1,1,24,622208,352334,1.766,OK
65,l18.m0.cv1.conv,64,4,6,64,3,3,24,508333,407250,1.248,OK
66,l18.m0.cv2.conv,64,4,6,64,3,3,24,505541,405083,1.248,OK
68,l18.cv2.conv,192,4,6,128,1,1,24,624542,351708,1.776,OK
69,l19.conv,128,4,6,128,3,3,6,496292,498958,0.995,OK
71,l21.cv1.conv,384,2,3,256,1,1,6,524291,399792,1.311,OK
73,l21.m0.cv1.conv,128,2,3,128,3,3,6,464916,450375,1.032,OK
74,l21.m0.cv2.conv,128,2,3,128,3,3,6,464291,450708,1.030,OK
76,l21.cv2.conv,384,2,3,256,1,1,6,523208,398833,1.312,OK
77,detect.cv2_0_0.conv,64,8,12,64,3,3,96,2073625,1260958,1.644,OK
78,detect.cv2_0_1.conv,64,8,12,64,3,3,96,2065792,1260084,1.639,OK
80,detect.cv3_0_0.conv,64,8,12,64,3,3,96,2080000,1278666,1.627,OK
81,detect.cv3_0_1.conv,64,8,12,64,3,3,96,2092416,1277333,1.638,OK
84,detect.cv2_1_0.conv,128,4,6,64,3,3,24,894792,623250,1.436,OK
85,detect.cv2_1_1.conv,64,4,6,64,3,3,24,507000,400000,1.268,OK
87,detect.cv3_1_0.conv,128,4,6,64,3,3,24,898750,626250,1.435,OK
88,detect.cv3_1_1.conv,64,4,6,64,3,3,24,512541,408084,1.256,OK
91,detect.cv2_2_0.conv,256,2,3,64,3,3,6,403458,495000,0.815,OK
92,detect.cv2_2_1.conv,64,2,3,64,3,3,6,142458,173500,0.821,OK
94,detect.cv3_2_0.conv,256,2,3,64,3,3,6,403042,496750,0.811,OK
95,detect.cv3_2_1.conv,64,2,3,64,3,3,6,139500,171750,0.812,OK
