net,name,IC,IH,IW,OC,KH,KW,M,rvv_cyc,ime_cyc,speedup,verify
yolov8_nano_64x96,l0.conv,3,64,96,16,3,3,1536,758750,2055458,0.369,OK
yolov8_nano_64x96,l1.conv,16,32,48,32,3,3,384,886708,2335000,0.380,OK
yolov8_nano_64x96,l2.cv1.conv,32,16,24,32,1,1,384,418000,777667,0.538,OK
yolov8_nano_64x96,l2.m0.cv1.conv,16,16,24,16,3,3,384,856500,2076417,0.412,OK
yolov8_nano_64x96,l2.cv2.conv,48,16,24,32,1,1,384,606125,1005667,0.603,OK
yolov8_nano_64x96,l3.conv,32,16,24,64,3,3,96,883208,1282583,0.689,OK
yolov8_nano_64x96,l4.cv1.conv,64,8,12,64,1,1,96,393916,411125,0.958,OK
yolov8_nano_64x96,l4.m0.cv1.conv,32,8,12,32,3,3,96,417750,1069250,0.391,OK
yolov8_nano_64x96,l4.cv2.conv,128,8,12,64,1,1,96,764291,662875,1.153,OK
yolov8_nano_64x96,l5.conv,64,8,12,128,3,3,24,1036458,948000,1.093,OK
yolov8_nano_64x96,l6.cv1.conv,128,4,6,128,1,1,24,380792,261125,1.458,OK
yolov8_nano_64x96,l6.m0.cv1.conv,64,4,6,64,3,3,24,456958,684125,0.668,OK
yolov8_nano_64x96,l6.cv2.conv,256,4,6,128,1,1,24,828917,489584,1.693,OK
yolov8_nano_64x96,l7.conv,128,4,6,256,3,3,6,958084,1973917,0.485,OK
yolov8_nano_64x96,l8.cv1.conv,256,2,3,256,1,1,6,406708,436000,0.933,OK
yolov8_nano_64x96,l8.m0.cv1.conv,128,2,3,128,3,3,6,452875,1025208,0.442,OK
yolov8_nano_64x96,l8.cv2.conv,384,2,3,256,1,1,6,594292,655042,0.907,OK
yolov8_nano_64x96,l9.cv1.conv,256,2,3,128,1,1,6,213000,218667,0.974,OK
yolov8_nano_64x96,l9.cv2.conv,512,2,3,256,1,1,6,781500,894083,0.874,OK
yolov8_nano_64x96,l12.cv1.conv,384,4,6,128,1,1,24,1199709,699916,1.714,OK
yolov8_nano_64x96,l12.cv2.conv,192,4,6,128,1,1,24,589916,353750,1.668,OK
yolov8_nano_64x96,l15.cv1.conv,192,8,12,64,1,1,96,1201334,932541,1.288,OK
yolov8_nano_64x96,l15.cv2.conv,96,8,12,64,1,1,96,578292,536625,1.078,OK
yolov8_nano_64x96,l16.conv,64,8,12,64,3,3,24,489125,714000,0.685,OK
yolov8_nano_64x96,l19.conv,128,4,6,128,3,3,6,485209,1033958,0.469,OK
yolov8_nano_64x96,detect.cv2_0_0.conv,64,8,12,64,3,3,96,1938792,2359541,0.822,OK
yolov8_nano_64x96,detect.cv3_0_2,64,8,12,2,1,1,96,190458,220792,0.863,OK
yolov8_nano_64x96,detect.cv2_1_0.conv,128,4,6,64,3,3,24,873917,1315875,0.664,OK
yolov8_nano_64x96,detect.cv2_1_2,64,4,6,64,1,1,24,98625,111916,0.881,OK
yolov8_nano_64x96,detect.cv3_1_2,64,4,6,2,1,1,24,47750,55708,0.857,OK
yolov8_nano_64x96,detect.cv2_2_0.conv,256,2,3,64,3,3,6,405958,1084417,0.374,OK
yolov8_nano_64x96,detect.cv2_2_1.conv,64,2,3,64,3,3,6,106125,272584,0.389,OK
yolov8_nano_64x96,detect.cv2_2_2,64,2,3,64,1,1,6,24833,37791,0.657,OK
yolov8_nano_64x96,detect.cv3_2_2,64,2,3,2,1,1,6,12083,14708,0.822,OK
