dispatch_id,name,op,shape,cycles
0,l0.conv,conv2d_s8,N=1;IC=3;IH=160;IW=160;OC=16;OH=80;OW=80;KH=3;KW=3;SH=2;SW=2;PH=1;PW=1,64793278
1,yolov8_nano.fused_1_2,batchnorm2d_silu_s8,,37612458
2,l1.conv,conv2d_s8,N=1;IC=16;IH=80;IW=80;OC=32;OH=40;OW=40;KH=3;KW=3;SH=2;SW=2;PH=1;PW=1,158204831
3,yolov8_nano.fused_4_5,batchnorm2d_silu_s8,,18371547
4,l2.cv1.conv,conv2d_s8,N=1;IC=32;IH=40;IW=40;OC=32;OH=40;OW=40;KH=1;KW=1;SH=1;SW=1;PH=0;PW=0,54705127
5,yolov8_nano.fused_7_8,batchnorm2d_silu_s8,,18321108
7,l2.m0.cv1.conv,conv2d_s8,N=1;IC=16;IH=40;IW=40;OC=16;OH=40;OW=40;KH=3;KW=3;SH=1;SW=1;PH=1;PW=1,83847321
8,yolov8_nano.fused_11_12,batchnorm2d_silu_s8,,9278832
9,l2.m0.cv2.conv,conv2d_s8,N=1;IC=16;IH=40;IW=40;OC=16;OH=40;OW=40;KH=3;KW=3;SH=1;SW=1;PH=1;PW=1,84215204
10,yolov8_nano.fused_14_15,batchnorm2d_silu_s8,,9267806
11,add,add_s8,n=25600,2005598
12,cat,cat3_c1_s8,N=1;H=40;W=40;C_inputs=16|16|16;C_total=48,4672975
13,l2.cv2.conv,conv2d_s8,N=1;IC=48;IH=40;IW=40;OC=32;OH=40;OW=40;KH=1;KW=1;SH=1;SW=1;PH=0;PW=0,80489742
14,yolov8_nano.fused_19_20,batchnorm2d_silu_s8,,18396952
15,l3.conv,conv2d_s8,N=1;IC=32;IH=40;IW=40;OC=64;OH=20;OW=20;KH=3;KW=3;SH=2;SW=2;PH=1;PW=1,157262687
16,yolov8_nano.fused_22_23,batchnorm2d_silu_s8,,9172594
17,l4.cv1.conv,conv2d_s8,N=1;IC=64;IH=20;IW=20;OC=64;OH=20;OW=20;KH=1;KW=1;SH=1;SW=1;PH=0;PW=0,53031598
18,yolov8_nano.fused_25_26,batchnorm2d_silu_s8,,9095971
20,l4.m0.cv1.conv,conv2d_s8,N=1;IC=32;IH=20;IW=20;OC=32;OH=20;OW=20;KH=3;KW=3;SH=1;SW=1;PH=1;PW=1,83677651
21,yolov8_nano.fused_29_30,batchnorm2d_silu_s8,,4382106
22,l4.m0.cv2.conv,conv2d_s8,N=1;IC=32;IH=20;IW=20;OC=32;OH=20;OW=20;KH=3;KW=3;SH=1;SW=1;PH=1;PW=1,83358777
23,yolov8_nano.fused_32_33,batchnorm2d_silu_s8,,4504470
24,add_1,add_s8,n=12800,1049481
25,l4.m1.cv1.conv,conv2d_s8,N=1;IC=32;IH=20;IW=20;OC=32;OH=20;OW=20;KH=3;KW=3;SH=1;SW=1;PH=1;PW=1,83590214
26,yolov8_nano.fused_36_37,batchnorm2d_silu_s8,,4400066
27,l4.m1.cv2.conv,conv2d_s8,N=1;IC=32;IH=20;IW=20;OC=32;OH=20;OW=20;KH=3;KW=3;SH=1;SW=1;PH=1;PW=1,83047141
28,yolov8_nano.fused_39_40,batchnorm2d_silu_s8,,4575661
29,add_2,add_s8,n=12800,1057669
30,cat_1,cat4_c1_s8,N=1;H=20;W=20;C_inputs=32|32|32|32;C_total=128,3782748
31,l4.cv2.conv,conv2d_s8,N=1;IC=128;IH=20;IW=20;OC=64;OH=20;OW=20;KH=1;KW=1;SH=1;SW=1;PH=0;PW=0,106432413
32,yolov8_nano.fused_44_45,batchnorm2d_silu_s8,,8934268
33,l5.conv,conv2d_s8,N=1;IC=64;IH=20;IW=20;OC=128;OH=10;OW=10;KH=3;KW=3;SH=2;SW=2;PH=1;PW=1,159370207
34,yolov8_nano.fused_47_48,batchnorm2d_silu_s8,,4515137
35,l6.cv1.conv,conv2d_s8,N=1;IC=128;IH=10;IW=10;OC=128;OH=10;OW=10;KH=1;KW=1;SH=1;SW=1;PH=0;PW=0,54114749
36,yolov8_nano.fused_50_51,batchnorm2d_silu_s8,,4495328
38,l6.m0.cv1.conv,conv2d_s8,N=1;IC=64;IH=10;IW=10;OC=64;OH=10;OW=10;KH=3;KW=3;SH=1;SW=1;PH=1;PW=1,77670723
39,yolov8_nano.fused_54_55,batchnorm2d_silu_s8,,2231067
40,l6.m0.cv2.conv,conv2d_s8,N=1;IC=64;IH=10;IW=10;OC=64;OH=10;OW=10;KH=3;KW=3;SH=1;SW=1;PH=1;PW=1,77606165
41,yolov8_nano.fused_57_58,batchnorm2d_silu_s8,,2195573
42,add_3,add_s8,n=6400,529233
43,l6.m1.cv1.conv,conv2d_s8,N=1;IC=64;IH=10;IW=10;OC=64;OH=10;OW=10;KH=3;KW=3;SH=1;SW=1;PH=1;PW=1,81472968
44,yolov8_nano.fused_61_62,batchnorm2d_silu_s8,,2251121
45,l6.m1.cv2.conv,conv2d_s8,N=1;IC=64;IH=10;IW=10;OC=64;OH=10;OW=10;KH=3;KW=3;SH=1;SW=1;PH=1;PW=1,80785185
46,yolov8_nano.fused_64_65,batchnorm2d_silu_s8,,2258593
47,add_4,add_s8,n=6400,524354
48,cat_2,cat4_c1_s8,N=1;H=10;W=10;C_inputs=64|64|64|64;C_total=256,1868291
49,l6.cv2.conv,conv2d_s8,N=1;IC=256;IH=10;IW=10;OC=128;OH=10;OW=10;KH=1;KW=1;SH=1;SW=1;PH=0;PW=0,154880865
50,yolov8_nano.fused_69_70,batchnorm2d_silu_s8,,4456294
51,l7.conv,conv2d_s8,N=1;IC=128;IH=10;IW=10;OC=256;OH=5;OW=5;KH=3;KW=3;SH=2;SW=2;PH=1;PW=1,158272769
52,yolov8_nano.fused_72_73,batchnorm2d_silu_s8,,2283814
53,l8.cv1.conv,conv2d_s8,N=1;IC=256;IH=5;IW=5;OC=256;OH=5;OW=5;KH=1;KW=1;SH=1;SW=1;PH=0;PW=0,51339055
54,yolov8_nano.fused_75_76,batchnorm2d_silu_s8,,2323378
56,l8.m0.cv1.conv,conv2d_s8,N=1;IC=128;IH=5;IW=5;OC=128;OH=5;OW=5;KH=3;KW=3;SH=1;SW=1;PH=1;PW=1,78607607
57,yolov8_nano.fused_79_80,batchnorm2d_silu_s8,,1103232
58,l8.m0.cv2.conv,conv2d_s8,N=1;IC=128;IH=5;IW=5;OC=128;OH=5;OW=5;KH=3;KW=3;SH=1;SW=1;PH=1;PW=1,78640927
59,yolov8_nano.fused_82_83,batchnorm2d_silu_s8,,1107724
60,add_5,add_s8,n=3200,263188
61,cat_3,cat3_c1_s8,N=1;H=5;W=5;C_inputs=128|128|128;C_total=384,710077
62,l8.cv2.conv,conv2d_s8,N=1;IC=384;IH=5;IW=5;OC=256;OH=5;OW=5;KH=1;KW=1;SH=1;SW=1;PH=0;PW=0,76851476
63,yolov8_nano.fused_87_88,batchnorm2d_silu_s8,,2264093
64,l9.cv1.conv,conv2d_s8,N=1;IC=256;IH=5;IW=5;OC=128;OH=5;OW=5;KH=1;KW=1;SH=1;SW=1;PH=0;PW=0,25674797
65,yolov8_nano.fused_90_91,batchnorm2d_silu_s8,,1186242
66,l9.m1,maxpool2d_s8,N=1;C=128;IH=5;IW=5;OH=5;OW=5;KH=5;KW=5;SH=1;SW=1;PH=2;PW=2;DH=1;DW=1,911341
67,l9.m2,maxpool2d_s8,N=1;C=128;IH=5;IW=5;OH=5;OW=5;KH=5;KW=5;SH=1;SW=1;PH=2;PW=2;DH=1;DW=1,908741
68,l9.m3,maxpool2d_s8,N=1;C=128;IH=5;IW=5;OH=5;OW=5;KH=5;KW=5;SH=1;SW=1;PH=2;PW=2;DH=1;DW=1,909094
69,cat_4,cat4_c1_s8,N=1;H=5;W=5;C_inputs=128|128|128|128;C_total=512,919607
70,l9.cv2.conv,conv2d_s8,N=1;IC=512;IH=5;IW=5;OC=256;OH=5;OW=5;KH=1;KW=1;SH=1;SW=1;PH=0;PW=0,104896645
71,yolov8_nano.fused_97_98,batchnorm2d_silu_s8,,2270905
72,l10,upsample_nearest_s8,N=1;C=256;IH=5;IW=5;scale=2,762816
73,cat_5,cat2_c1_s8,N=1;H=10;W=10;C_inputs=256|128;C_total=384,2780394
74,l12.cv1.conv,conv2d_s8,N=1;IC=384;IH=10;IW=10;OC=128;OH=10;OW=10;KH=1;KW=1;SH=1;SW=1;PH=0;PW=0,258242174
75,yolov8_nano.fused_102_103,batchnorm2d_silu_s8,,4465869
77,l12.m0.cv1.conv,conv2d_s8,N=1;IC=64;IH=10;IW=10;OC=64;OH=10;OW=10;KH=3;KW=3;SH=1;SW=1;PH=1;PW=1,78044475
78,yolov8_nano.fused_106_107,batchnorm2d_silu_s8,,2232055
79,l12.m0.cv2.conv,conv2d_s8,N=1;IC=64;IH=10;IW=10;OC=64;OH=10;OW=10;KH=3;KW=3;SH=1;SW=1;PH=1;PW=1,77548282
80,yolov8_nano.fused_109_110,batchnorm2d_silu_s8,,2223132
81,cat_6,cat3_c1_s8,N=1;H=10;W=10;C_inputs=64|64|64;C_total=192,1412681
82,l12.cv2.conv,conv2d_s8,N=1;IC=192;IH=10;IW=10;OC=128;OH=10;OW=10;KH=1;KW=1;SH=1;SW=1;PH=0;PW=0,97328032
83,yolov8_nano.fused_113_114,batchnorm2d_silu_s8,,4390575
84,l13,upsample_nearest_s8,N=1;C=128;IH=10;IW=10;scale=2,1189821
85,cat_7,cat2_c1_s8,N=1;H=20;W=20;C_inputs=128|64;C_total=192,5583300
86,l15.cv1.conv,conv2d_s8,N=1;IC=192;IH=20;IW=20;OC=64;OH=20;OW=20;KH=1;KW=1;SH=1;SW=1;PH=0;PW=0,163802963
87,yolov8_nano.fused_118_119,batchnorm2d_silu_s8,,8979512
89,l15.m0.cv1.conv,conv2d_s8,N=1;IC=32;IH=20;IW=20;OC=32;OH=20;OW=20;KH=3;KW=3;SH=1;SW=1;PH=1;PW=1,78644439
90,yolov8_nano.fused_122_123,batchnorm2d_silu_s8,,4469325
91,l15.m0.cv2.conv,conv2d_s8,N=1;IC=32;IH=20;IW=20;OC=32;OH=20;OW=20;KH=3;KW=3;SH=1;SW=1;PH=1;PW=1,78762558
92,yolov8_nano.fused_125_126,batchnorm2d_silu_s8,,4455100
93,cat_8,cat3_c1_s8,N=1;H=20;W=20;C_inputs=32|32|32;C_total=96,2790764
94,l15.cv2.conv,conv2d_s8,N=1;IC=96;IH=20;IW=20;OC=64;OH=20;OW=20;KH=1;KW=1;SH=1;SW=1;PH=0;PW=0,79288096
95,yolov8_nano.fused_129_130,batchnorm2d_silu_s8,,8872414
96,l16.conv,conv2d_s8,N=1;IC=64;IH=20;IW=20;OC=64;OH=10;OW=10;KH=3;KW=3;SH=2;SW=2;PH=1;PW=1,79108903
97,yolov8_nano.fused_132_133,batchnorm2d_silu_s8,,2238354
98,cat_9,cat2_c1_s8,N=1;H=10;W=10;C_inputs=64|128;C_total=192,1422283
99,l18.cv1.conv,conv2d_s8,N=1;IC=192;IH=10;IW=10;OC=128;OH=10;OW=10;KH=1;KW=1;SH=1;SW=1;PH=0;PW=0,97425798
100,yolov8_nano.fused_136_137,batchnorm2d_silu_s8,,4405260
102,l18.m0.cv1.conv,conv2d_s8,N=1;IC=64;IH=10;IW=10;OC=64;OH=10;OW=10;KH=3;KW=3;SH=1;SW=1;PH=1;PW=1,78005993
103,yolov8_nano.fused_140_141,batchnorm2d_silu_s8,,2207950
104,l18.m0.cv2.conv,conv2d_s8,N=1;IC=64;IH=10;IW=10;OC=64;OH=10;OW=10;KH=3;KW=3;SH=1;SW=1;PH=1;PW=1,77629078
105,yolov8_nano.fused_143_144,batchnorm2d_silu_s8,,2259009
106,cat_10,cat3_c1_s8,N=1;H=10;W=10;C_inputs=64|64|64;C_total=192,1395227
107,l18.cv2.conv,conv2d_s8,N=1;IC=192;IH=10;IW=10;OC=128;OH=10;OW=10;KH=1;KW=1;SH=1;SW=1;PH=0;PW=0,97375025
108,yolov8_nano.fused_147_148,batchnorm2d_silu_s8,,4413970
109,l19.conv,conv2d_s8,N=1;IC=128;IH=10;IW=10;OC=128;OH=5;OW=5;KH=3;KW=3;SH=2;SW=2;PH=1;PW=1,79069444
110,yolov8_nano.fused_150_151,batchnorm2d_silu_s8,,1131843
111,cat_11,cat2_c1_s8,N=1;H=5;W=5;C_inputs=128|256;C_total=384,711778
112,l21.cv1.conv,conv2d_s8,N=1;IC=384;IH=5;IW=5;OC=256;OH=5;OW=5;KH=1;KW=1;SH=1;SW=1;PH=0;PW=0,76888016
113,yolov8_nano.fused_154_155,batchnorm2d_silu_s8,,2259962
115,l21.m0.cv1.conv,conv2d_s8,N=1;IC=128;IH=5;IW=5;OC=128;OH=5;OW=5;KH=3;KW=3;SH=1;SW=1;PH=1;PW=1,76554348
116,yolov8_nano.fused_158_159,batchnorm2d_silu_s8,,1152311
117,l21.m0.cv2.conv,conv2d_s8,N=1;IC=128;IH=5;IW=5;OC=128;OH=5;OW=5;KH=3;KW=3;SH=1;SW=1;PH=1;PW=1,76655300
118,yolov8_nano.fused_161_162,batchnorm2d_silu_s8,,1150590
119,cat_12,cat3_c1_s8,N=1;H=5;W=5;C_inputs=128|128|128;C_total=384,713272
120,l21.cv2.conv,conv2d_s8,N=1;IC=384;IH=5;IW=5;OC=256;OH=5;OW=5;KH=1;KW=1;SH=1;SW=1;PH=0;PW=0,77178186
121,yolov8_nano.fused_165_166,batchnorm2d_silu_s8,,2244321
122,detect.cv2_0_0.conv,conv2d_s8,N=1;IC=64;IH=20;IW=20;OC=64;OH=20;OW=20;KH=3;KW=3;SH=1;SW=1;PH=1;PW=1,316592724
123,yolov8_nano.fused_168_169,batchnorm2d_silu_s8,,8919622
124,detect.cv2_0_1.conv,conv2d_s8,N=1;IC=64;IH=20;IW=20;OC=64;OH=20;OW=20;KH=3;KW=3;SH=1;SW=1;PH=1;PW=1,325697400
125,yolov8_nano.fused_171_172,batchnorm2d_silu_s8,,9167802
126,detect.cv2_0_2,conv2d_s8,N=1;IC=64;IH=20;IW=20;OC=64;OH=20;OW=20;KH=1;KW=1;SH=1;SW=1;PH=0;PW=0,53034634
127,detect.cv3_0_0.conv,conv2d_s8,N=1;IC=64;IH=20;IW=20;OC=80;OH=20;OW=20;KH=3;KW=3;SH=1;SW=1;PH=1;PW=1,407189486
128,yolov8_nano.fused_175_176,batchnorm2d_silu_s8,,11063568
129,detect.cv3_0_1.conv,conv2d_s8,N=1;IC=80;IH=20;IW=20;OC=80;OH=20;OW=20;KH=3;KW=3;SH=1;SW=1;PH=1;PW=1,506769576
130,yolov8_nano.fused_178_179,batchnorm2d_silu_s8,,11513758
131,detect.cv3_0_2,conv2d_s8,N=1;IC=80;IH=20;IW=20;OC=80;OH=20;OW=20;KH=1;KW=1;SH=1;SW=1;PH=0;PW=0,82603703
132,cat_13,cat2_c1_s8,N=1;H=20;W=20;C_inputs=64|80;C_total=144,4196298
133,detect.cv2_1_0.conv,conv2d_s8,N=1;IC=128;IH=10;IW=10;OC=64;OH=10;OW=10;KH=3;KW=3;SH=1;SW=1;PH=1;PW=1,159997366
134,yolov8_nano.fused_183_184,batchnorm2d_silu_s8,,2268711
135,detect.cv2_1_1.conv,conv2d_s8,N=1;IC=64;IH=10;IW=10;OC=64;OH=10;OW=10;KH=3;KW=3;SH=1;SW=1;PH=1;PW=1,82245934
136,yolov8_nano.fused_186_187,batchnorm2d_silu_s8,,2327963
137,detect.cv2_1_2,conv2d_s8,N=1;IC=64;IH=10;IW=10;OC=64;OH=10;OW=10;KH=1;KW=1;SH=1;SW=1;PH=0;PW=0,13115593
138,detect.cv3_1_0.conv,conv2d_s8,N=1;IC=128;IH=10;IW=10;OC=80;OH=10;OW=10;KH=3;KW=3;SH=1;SW=1;PH=1;PW=1,198701335
139,yolov8_nano.fused_190_191,batchnorm2d_silu_s8,,2733191
140,detect.cv3_1_1.conv,conv2d_s8,N=1;IC=80;IH=10;IW=10;OC=80;OH=10;OW=10;KH=3;KW=3;SH=1;SW=1;PH=1;PW=1,127079023
141,yolov8_nano.fused_193_194,batchnorm2d_silu_s8,,2839048
142,detect.cv3_1_2,conv2d_s8,N=1;IC=80;IH=10;IW=10;OC=80;OH=10;OW=10;KH=1;KW=1;SH=1;SW=1;PH=0;PW=0,20366233
143,cat_14,cat2_c1_s8,N=1;H=10;W=10;C_inputs=64|80;C_total=144,1047281
144,detect.cv2_2_0.conv,conv2d_s8,N=1;IC=256;IH=5;IW=5;OC=64;OH=5;OW=5;KH=3;KW=3;SH=1;SW=1;PH=1;PW=1,78221416
145,yolov8_nano.fused_198_199,batchnorm2d_silu_s8,,586660
146,detect.cv2_2_1.conv,conv2d_s8,N=1;IC=64;IH=5;IW=5;OC=64;OH=5;OW=5;KH=3;KW=3;SH=1;SW=1;PH=1;PW=1,19721627
147,yolov8_nano.fused_201_202,batchnorm2d_silu_s8,,590230
148,detect.cv2_2_2,conv2d_s8,N=1;IC=64;IH=5;IW=5;OC=64;OH=5;OW=5;KH=1;KW=1;SH=1;SW=1;PH=0;PW=0,3289086
149,detect.cv3_2_0.conv,conv2d_s8,N=1;IC=256;IH=5;IW=5;OC=80;OH=5;OW=5;KH=3;KW=3;SH=1;SW=1;PH=1;PW=1,97147402
150,yolov8_nano.fused_205_206,batchnorm2d_silu_s8,,702082
151,detect.cv3_2_1.conv,conv2d_s8,N=1;IC=80;IH=5;IW=5;OC=80;OH=5;OW=5;KH=3;KW=3;SH=1;SW=1;PH=1;PW=1,30564129
152,yolov8_nano.fused_208_209,batchnorm2d_silu_s8,,726204
153,detect.cv3_2_2,conv2d_s8,N=1;IC=80;IH=5;IW=5;OC=80;OH=5;OW=5;KH=1;KW=1;SH=1;SW=1;PH=0;PW=0,5103771
154,cat_15,cat2_c1_s8,N=1;H=5;W=5;C_inputs=64|80;C_total=144,265105
