arm,workload,model,target,quant,runner,metric,value,stddev,n_runs,unit
A,dronet_rvv_smoke,dronet,rvv,int8,spike,passes_fired_total,0,0,3,count
A,dronet_rvv_smoke,dronet,rvv,int8,spike,linear_relu_fuse_fired,0,0,3,count
A,dronet_rvv_smoke,dronet,rvv,int8,spike,conv2d_relu_fuse_fired,0,0,3,count
A,dronet_rvv_smoke,dronet,rvv,int8,spike,ir_op_count,32,0,3,count
A,dronet_rvv_smoke,dronet,rvv,int8,spike,n_input_nodes,34,0,3,count
A,dronet_rvv_smoke,dronet,rvv,int8,spike,lowering_ratio,0.9411764705882352,1.35974e-16,3,fraction
A,dronet_rvv_smoke,dronet,rvv,int8,spike,n_dispatches_graph,32,0,3,count
A,dronet_rvv_smoke,dronet,rvv,int8,spike,n_distinct_op_kinds,8,0,3,count
A,dronet_rvv_smoke,dronet,rvv,int8,spike,n_distinct_shapes,25,0,3,count
A,dronet_rvv_smoke,dronet,rvv,int8,spike,cycles_spike,27563408,0,3,cycles
A,dronet_rvv_smoke,dronet,rvv,int8,spike,wall_cycles_spike,275700,0,3,cycles
A,dronet_rvv_smoke,dronet,rvv,int8,spike,accuracy_linf,0.0,0,3,dimensionless
A,dronet_rvv_smoke,dronet,rvv,int8,spike,verify_pass,True,,3,bool
A,dronet_rvv_smoke,dronet,rvv,int8,spike,bit_exact,True,,3,bool
A,dronet_rvv_smoke,dronet,rvv,int8,spike,latency_ms_spike,27.563408,4.35117e-15,3,ms
A,dronet_rvv_smoke,dronet,rvv,int8,spike,zephyr_elf_bytes,895872,0,3,bytes
A,dronet_rvv_smoke,dronet,rvv,int8,spike,kernels_c_bytes,19251,0,3,bytes
A,dronet_rvv_smoke,dronet,rvv,int8,spike,kernels_c_loc,396,0,3,count
A,dronet_rvv_smoke,dronet,rvv,int8,spike,weights_npz_bytes,326642,0,3,bytes
A,dronet_rvv_smoke,dronet,rvv,int8,spike,extract_s,0.001,0,3,s
A,dronet_rvv_smoke,dronet,rvv,int8,spike,generate_skeleton_s,0.18533333333333335,0.00404145,3,s
A,dronet_rvv_smoke,dronet,rvv,int8,spike,generate_kernels_s,29.409000000000002,0.3747,3,s
A,dronet_rvv_smoke,dronet,rvv,int8,spike,build_s,5.774666666666666,0.0527289,3,s
A,dronet_rvv_smoke,dronet,rvv,int8,spike,run_s,0.9013333333333334,0.0145717,3,s
A,dronet_rvv_smoke,dronet,rvv,int8,spike,total_stage_s,36.27133333333333,0.350499,3,s
A,dronet_rvv_smoke,dronet,rvv,int8,spike,n_kernels_curated,4,0,3,count
A,dronet_rvv_smoke,dronet,rvv,int8,spike,n_kernels_reference,3,0,3,count
A,dronet_rvv_smoke,dronet,rvv,int8,spike,n_kernels_total,7,0,3,count
A,dronet_rvv_smoke,dronet,rvv,int8,spike,algorithms_distinct_count,2,0,3,count
A,dronet_rvv_smoke,dronet,rvv,int8,spike,compile_wall_clock_s,36.335,0.35017,3,s
A,dronet_rvv_smoke,dronet,rvv,int8,spike,compile_peak_rss_mb,137.5,0,3,MB
A,dronet_rvv_smoke,dronet,rvv,int8,spike,n_ops_profiled,30,0,3,count
A,dronet_rvv_smoke,dronet,rvv,int8,spike,dominant_op_share,0.881853688049025,0,3,fraction
A,dronet_rvv_smoke,dronet,rvv,int8,spike,mean_cycles_per_dispatch,918780.2666666667,0,3,cycles
A,dronet_rvv_smoke,dronet,rvv,int8,spike,stddev_cycles_per_dispatch,1492866.941396964,0,3,cycles
A,dronet_rvv_smoke,dronet,rvv,int8,spike,op_kind_p95_max_cycles,5035720.899999998,0,3,cycles
A,dronet_rvv_smoke,dronet,rvv,int8,spike,op_kind_median_max_cycles,2526845.0,0,3,cycles
A,dronet_scalar_smoke,dronet,scalar,int8,spike,passes_fired_total,0,,3,count
A,dronet_scalar_smoke,dronet,scalar,int8,spike,linear_relu_fuse_fired,0,,3,count
A,dronet_scalar_smoke,dronet,scalar,int8,spike,conv2d_relu_fuse_fired,0,,3,count
A,dronet_scalar_smoke,dronet,scalar,int8,spike,ir_op_count,32,,3,count
A,dronet_scalar_smoke,dronet,scalar,int8,spike,n_input_nodes,34,,3,count
A,dronet_scalar_smoke,dronet,scalar,int8,spike,lowering_ratio,0.9411764705882353,,3,fraction
A,dronet_scalar_smoke,dronet,scalar,int8,spike,n_dispatches_graph,32,0,3,count
A,dronet_scalar_smoke,dronet,scalar,int8,spike,n_distinct_op_kinds,8,0,3,count
A,dronet_scalar_smoke,dronet,scalar,int8,spike,n_distinct_shapes,25,0,3,count
A,dronet_scalar_smoke,dronet,scalar,int8,spike,cycles_spike,454542207,0,3,cycles
A,dronet_scalar_smoke,dronet,scalar,int8,spike,wall_cycles_spike,4546550,0,3,cycles
A,dronet_scalar_smoke,dronet,scalar,int8,spike,accuracy_linf,0.0,0,3,dimensionless
A,dronet_scalar_smoke,dronet,scalar,int8,spike,verify_pass,True,,3,bool
A,dronet_scalar_smoke,dronet,scalar,int8,spike,bit_exact,True,,3,bool
A,dronet_scalar_smoke,dronet,scalar,int8,spike,latency_ms_spike,454.54220699999996,0,3,ms
A,dronet_scalar_smoke,dronet,scalar,int8,spike,zephyr_elf_bytes,879944,0,3,bytes
A,dronet_scalar_smoke,dronet,scalar,int8,spike,kernels_c_bytes,9222,0,3,bytes
A,dronet_scalar_smoke,dronet,scalar,int8,spike,kernels_c_loc,202,0,3,count
A,dronet_scalar_smoke,dronet,scalar,int8,spike,weights_npz_bytes,326642,0,3,bytes
A,dronet_scalar_smoke,dronet,scalar,int8,spike,extract_s,2.382333333333333,4.12459,3,s
A,dronet_scalar_smoke,dronet,scalar,int8,spike,generate_skeleton_s,0.19866666666666669,0.0057735,3,s
A,dronet_scalar_smoke,dronet,scalar,int8,spike,generate_kernels_s,0.18366666666666664,0.00635085,3,s
A,dronet_scalar_smoke,dronet,scalar,int8,spike,build_s,6.533666666666666,0.022942,3,s
A,dronet_scalar_smoke,dronet,scalar,int8,spike,run_s,1.6376666666666668,0.0170098,3,s
A,dronet_scalar_smoke,dronet,scalar,int8,spike,total_stage_s,10.936,4.15346,3,s
A,dronet_scalar_smoke,dronet,scalar,int8,spike,n_kernels_curated,0,0,3,count
A,dronet_scalar_smoke,dronet,scalar,int8,spike,n_kernels_reference,7,0,3,count
A,dronet_scalar_smoke,dronet,scalar,int8,spike,n_kernels_total,7,0,3,count
A,dronet_scalar_smoke,dronet,scalar,int8,spike,compile_wall_clock_s,11.007333333333333,4.1523,3,s
A,dronet_scalar_smoke,dronet,scalar,int8,spike,compile_peak_rss_mb,297.7,343.812,3,MB
A,dronet_scalar_smoke,dronet,scalar,int8,spike,n_ops_profiled,30,0,3,count
A,dronet_scalar_smoke,dronet,scalar,int8,spike,dominant_op_share,0.9806161697102861,0,3,fraction
A,dronet_scalar_smoke,dronet,scalar,int8,spike,mean_cycles_per_dispatch,15151406.9,0,3,cycles
A,dronet_scalar_smoke,dronet,scalar,int8,spike,stddev_cycles_per_dispatch,27446276.400386807,0,3,cycles
A,dronet_scalar_smoke,dronet,scalar,int8,spike,op_kind_p95_max_cycles,87330572.59999998,0,3,cycles
A,dronet_scalar_smoke,dronet,scalar,int8,spike,op_kind_median_max_cycles,48397734.5,0,3,cycles
A,dronet_rvv_opu_int8,dronet,rvv_opu,int8,firesim,passes_fired_total,0,0,3,count
A,dronet_rvv_opu_int8,dronet,rvv_opu,int8,firesim,linear_relu_fuse_fired,0,0,3,count
A,dronet_rvv_opu_int8,dronet,rvv_opu,int8,firesim,conv2d_relu_fuse_fired,0,0,3,count
A,dronet_rvv_opu_int8,dronet,rvv_opu,int8,firesim,ir_op_count,32,0,3,count
A,dronet_rvv_opu_int8,dronet,rvv_opu,int8,firesim,n_input_nodes,34,0,3,count
A,dronet_rvv_opu_int8,dronet,rvv_opu,int8,firesim,lowering_ratio,0.9411764705882352,1.35974e-16,3,fraction
A,dronet_rvv_opu_int8,dronet,rvv_opu,int8,firesim,n_dispatches_graph,32,0,3,count
A,dronet_rvv_opu_int8,dronet,rvv_opu,int8,firesim,n_distinct_op_kinds,8,0,3,count
A,dronet_rvv_opu_int8,dronet,rvv_opu,int8,firesim,n_distinct_shapes,25,0,3,count
A,dronet_rvv_opu_int8,dronet,rvv_opu,int8,firesim,cycles_spike,454543545,0,3,cycles
A,dronet_rvv_opu_int8,dronet,rvv_opu,int8,firesim,wall_cycles_spike,4546550,0,3,cycles
A,dronet_rvv_opu_int8,dronet,rvv_opu,int8,firesim,accuracy_linf,0.0,0,3,dimensionless
A,dronet_rvv_opu_int8,dronet,rvv_opu,int8,firesim,verify_pass,True,,3,bool
A,dronet_rvv_opu_int8,dronet,rvv_opu,int8,firesim,bit_exact,True,,3,bool
A,dronet_rvv_opu_int8,dronet,rvv_opu,int8,firesim,zephyr_elf_bytes,888784,0,3,bytes
A,dronet_rvv_opu_int8,dronet,rvv_opu,int8,firesim,kernels_c_bytes,9273,0,3,bytes
A,dronet_rvv_opu_int8,dronet,rvv_opu,int8,firesim,kernels_c_loc,204,0,3,count
A,dronet_rvv_opu_int8,dronet,rvv_opu,int8,firesim,weights_npz_bytes,326642,0,3,bytes
A,dronet_rvv_opu_int8,dronet,rvv_opu,int8,firesim,extract_s,0.001,0,3,s
A,dronet_rvv_opu_int8,dronet,rvv_opu,int8,firesim,generate_skeleton_s,0.20333333333333334,0.016563,3,s
A,dronet_rvv_opu_int8,dronet,rvv_opu,int8,firesim,generate_kernels_s,410.86133333333333,347.154,3,s
A,dronet_rvv_opu_int8,dronet,rvv_opu,int8,firesim,build_s,6.278666666666666,0.469435,3,s
A,dronet_rvv_opu_int8,dronet,rvv_opu,int8,firesim,run_s,1.489,0.0338674,3,s
A,dronet_rvv_opu_int8,dronet,rvv_opu,int8,firesim,total_stage_s,418.8333333333333,347.663,3,s
A,dronet_rvv_opu_int8,dronet,rvv_opu,int8,firesim,n_kernels_curated,0,0,3,count
A,dronet_rvv_opu_int8,dronet,rvv_opu,int8,firesim,n_kernels_reference,7,0,3,count
A,dronet_rvv_opu_int8,dronet,rvv_opu,int8,firesim,n_kernels_total,7,0,3,count
A,dronet_rvv_opu_int8,dronet,rvv_opu,int8,firesim,compile_wall_clock_s,418.88733333333334,347.669,3,s
A,dronet_rvv_opu_int8,dronet,rvv_opu,int8,firesim,compile_peak_rss_mb,133.66666666666666,2.49065,3,MB
A,dronet_rvv_opu_int8,dronet,rvv_opu,int8,firesim,n_ops_profiled,30,0,3,count
A,dronet_rvv_opu_int8,dronet,rvv_opu,int8,firesim,dominant_op_share,0.9806159737677058,0,3,fraction
A,dronet_rvv_opu_int8,dronet,rvv_opu,int8,firesim,mean_cycles_per_dispatch,15151451.5,0,3,cycles
A,dronet_rvv_opu_int8,dronet,rvv_opu,int8,firesim,stddev_cycles_per_dispatch,27446353.169866618,0,3,cycles
A,dronet_rvv_opu_int8,dronet,rvv_opu,int8,firesim,op_kind_p95_max_cycles,87330829.99999997,0,3,cycles
A,dronet_rvv_opu_int8,dronet,rvv_opu,int8,firesim,op_kind_median_max_cycles,48397872.0,0,3,cycles
A,dronet_gemmini_int8,dronet,gemmini,int8,firesim,passes_fired_total,0,0,3,count
A,dronet_gemmini_int8,dronet,gemmini,int8,firesim,linear_relu_fuse_fired,0,0,3,count
A,dronet_gemmini_int8,dronet,gemmini,int8,firesim,conv2d_relu_fuse_fired,0,0,3,count
A,dronet_gemmini_int8,dronet,gemmini,int8,firesim,ir_op_count,32,0,3,count
A,dronet_gemmini_int8,dronet,gemmini,int8,firesim,n_input_nodes,34,0,3,count
A,dronet_gemmini_int8,dronet,gemmini,int8,firesim,lowering_ratio,0.9411764705882352,1.35974e-16,3,fraction
A,dronet_gemmini_int8,dronet,gemmini,int8,firesim,n_dispatches_graph,32,0,3,count
A,dronet_gemmini_int8,dronet,gemmini,int8,firesim,n_distinct_op_kinds,8,0,3,count
A,dronet_gemmini_int8,dronet,gemmini,int8,firesim,n_distinct_shapes,25,0,3,count
A,dronet_gemmini_int8,dronet,gemmini,int8,firesim,cycles_spike,18808376,0,3,cycles
A,dronet_gemmini_int8,dronet,gemmini,int8,firesim,wall_cycles_spike,188150,0,3,cycles
A,dronet_gemmini_int8,dronet,gemmini,int8,firesim,accuracy_linf,0.0,0,3,dimensionless
A,dronet_gemmini_int8,dronet,gemmini,int8,firesim,verify_pass,True,,3,bool
A,dronet_gemmini_int8,dronet,gemmini,int8,firesim,bit_exact,True,,3,bool
A,dronet_gemmini_int8,dronet,gemmini,int8,firesim,zephyr_elf_bytes,923056,0,3,bytes
A,dronet_gemmini_int8,dronet,gemmini,int8,firesim,kernels_c_bytes,16337,0,3,bytes
A,dronet_gemmini_int8,dronet,gemmini,int8,firesim,kernels_c_loc,361,0,3,count
A,dronet_gemmini_int8,dronet,gemmini,int8,firesim,weights_npz_bytes,326642,0,3,bytes
A,dronet_gemmini_int8,dronet,gemmini,int8,firesim,extract_s,0.0013333333333333333,0.00057735,3,s
A,dronet_gemmini_int8,dronet,gemmini,int8,firesim,generate_skeleton_s,0.19033333333333333,0.00550757,3,s
A,dronet_gemmini_int8,dronet,gemmini,int8,firesim,generate_kernels_s,11.338666666666667,0.1735,3,s
A,dronet_gemmini_int8,dronet,gemmini,int8,firesim,build_s,6.162999999999999,0.386434,3,s
A,dronet_gemmini_int8,dronet,gemmini,int8,firesim,run_s,0.418,0.0248797,3,s
A,dronet_gemmini_int8,dronet,gemmini,int8,firesim,total_stage_s,18.111333333333334,0.520381,3,s
A,dronet_gemmini_int8,dronet,gemmini,int8,firesim,n_kernels_curated,1,0,3,count
A,dronet_gemmini_int8,dronet,gemmini,int8,firesim,n_kernels_reference,6,0,3,count
A,dronet_gemmini_int8,dronet,gemmini,int8,firesim,n_kernels_total,7,0,3,count
A,dronet_gemmini_int8,dronet,gemmini,int8,firesim,algorithms_distinct_count,1,0,3,count
A,dronet_gemmini_int8,dronet,gemmini,int8,firesim,compile_wall_clock_s,18.162333333333333,0.522642,3,s
A,dronet_gemmini_int8,dronet,gemmini,int8,firesim,compile_peak_rss_mb,99.8,0,3,MB
A,dronet_gemmini_int8,dronet,gemmini,int8,firesim,n_ops_profiled,30,0,3,count
A,dronet_gemmini_int8,dronet,gemmini,int8,firesim,dominant_op_share,0.5315589182181386,0,3,fraction
A,dronet_gemmini_int8,dronet,gemmini,int8,firesim,mean_cycles_per_dispatch,626945.8666666667,0,3,cycles
A,dronet_gemmini_int8,dronet,gemmini,int8,firesim,stddev_cycles_per_dispatch,1361827.8110243457,0,3,cycles
A,dronet_gemmini_int8,dronet,gemmini,int8,firesim,op_kind_p95_max_cycles,5146005.0,0,3,cycles
A,dronet_gemmini_int8,dronet,gemmini,int8,firesim,op_kind_median_max_cycles,5146005.0,0,3,cycles
A,dronet_gemmini_q31_int8,dronet,gemmini_q31,int8,firesim,passes_fired_total,0,0,3,count
A,dronet_gemmini_q31_int8,dronet,gemmini_q31,int8,firesim,linear_relu_fuse_fired,0,0,3,count
A,dronet_gemmini_q31_int8,dronet,gemmini_q31,int8,firesim,conv2d_relu_fuse_fired,0,0,3,count
A,dronet_gemmini_q31_int8,dronet,gemmini_q31,int8,firesim,ir_op_count,32,0,3,count
A,dronet_gemmini_q31_int8,dronet,gemmini_q31,int8,firesim,n_input_nodes,34,0,3,count
A,dronet_gemmini_q31_int8,dronet,gemmini_q31,int8,firesim,lowering_ratio,0.9411764705882352,1.35974e-16,3,fraction
A,dronet_gemmini_q31_int8,dronet,gemmini_q31,int8,firesim,n_dispatches_graph,32,0,3,count
A,dronet_gemmini_q31_int8,dronet,gemmini_q31,int8,firesim,n_distinct_op_kinds,8,0,3,count
A,dronet_gemmini_q31_int8,dronet,gemmini_q31,int8,firesim,n_distinct_shapes,25,0,3,count
A,dronet_gemmini_q31_int8,dronet,gemmini_q31,int8,firesim,cycles_spike,6899785,0,3,cycles
A,dronet_gemmini_q31_int8,dronet,gemmini_q31,int8,firesim,wall_cycles_spike,69050,0,3,cycles
A,dronet_gemmini_q31_int8,dronet,gemmini_q31,int8,firesim,accuracy_linf,72.0,0,3,dimensionless
A,dronet_gemmini_q31_int8,dronet,gemmini_q31,int8,firesim,verify_pass,True,,3,bool
A,dronet_gemmini_q31_int8,dronet,gemmini_q31,int8,firesim,bit_exact,False,,3,bool
A,dronet_gemmini_q31_int8,dronet,gemmini_q31,int8,firesim,zephyr_elf_bytes,982328,0,3,bytes
A,dronet_gemmini_q31_int8,dronet,gemmini_q31,int8,firesim,kernels_c_bytes,31340,0,3,bytes
A,dronet_gemmini_q31_int8,dronet,gemmini_q31,int8,firesim,kernels_c_loc,713,0,3,count
A,dronet_gemmini_q31_int8,dronet,gemmini_q31,int8,firesim,weights_npz_bytes,326642,0,3,bytes
A,dronet_gemmini_q31_int8,dronet,gemmini_q31,int8,firesim,extract_s,0.0013333333333333333,0.00057735,3,s
A,dronet_gemmini_q31_int8,dronet,gemmini_q31,int8,firesim,generate_skeleton_s,0.21633333333333335,0.0265769,3,s
A,dronet_gemmini_q31_int8,dronet,gemmini_q31,int8,firesim,generate_kernels_s,30.600666666666665,0.783933,3,s
A,dronet_gemmini_q31_int8,dronet,gemmini_q31,int8,firesim,build_s,6.734333333333333,0.0973362,3,s
A,dronet_gemmini_q31_int8,dronet,gemmini_q31,int8,firesim,run_s,0.5286666666666667,0.00650641,3,s
A,dronet_gemmini_q31_int8,dronet,gemmini_q31,int8,firesim,total_stage_s,38.08133333333333,0.90986,3,s
A,dronet_gemmini_q31_int8,dronet,gemmini_q31,int8,firesim,n_kernels_curated,5,0,3,count
A,dronet_gemmini_q31_int8,dronet,gemmini_q31,int8,firesim,n_kernels_reference,2,0,3,count
A,dronet_gemmini_q31_int8,dronet,gemmini_q31,int8,firesim,n_kernels_total,7,0,3,count
A,dronet_gemmini_q31_int8,dronet,gemmini_q31,int8,firesim,algorithms_distinct_count,5,0,3,count
A,dronet_gemmini_q31_int8,dronet,gemmini_q31,int8,firesim,compile_wall_clock_s,38.13333333333333,0.90986,3,s
A,dronet_gemmini_q31_int8,dronet,gemmini_q31,int8,firesim,compile_peak_rss_mb,99.8,0,3,MB
A,dronet_gemmini_q31_int8,dronet,gemmini_q31,int8,firesim,n_ops_profiled,30,0,3,count
A,dronet_gemmini_q31_int8,dronet,gemmini_q31,int8,firesim,dominant_op_share,0.3704099475563369,0,3,fraction
A,dronet_gemmini_q31_int8,dronet,gemmini_q31,int8,firesim,mean_cycles_per_dispatch,229992.83333333334,0,3,cycles
A,dronet_gemmini_q31_int8,dronet,gemmini_q31,int8,firesim,stddev_cycles_per_dispatch,397087.60681553447,7.12895e-11,3,cycles
A,dronet_gemmini_q31_int8,dronet,gemmini_q31,int8,firesim,op_kind_p95_max_cycles,1304755.0,0,3,cycles
A,dronet_gemmini_q31_int8,dronet,gemmini_q31,int8,firesim,op_kind_median_max_cycles,1304755.0,0,3,cycles
A,dronet_hetero_int8,dronet,hetero_gemmini_opu,int8,firesim,passes_fired_total,0,0,3,count
A,dronet_hetero_int8,dronet,hetero_gemmini_opu,int8,firesim,linear_relu_fuse_fired,0,0,3,count
A,dronet_hetero_int8,dronet,hetero_gemmini_opu,int8,firesim,conv2d_relu_fuse_fired,0,0,3,count
A,dronet_hetero_int8,dronet,hetero_gemmini_opu,int8,firesim,cross_tile_bytes,171553,0,3,bytes
A,dronet_hetero_int8,dronet,hetero_gemmini_opu,int8,firesim,ir_op_count,32,0,3,count
A,dronet_hetero_int8,dronet,hetero_gemmini_opu,int8,firesim,n_input_nodes,34,0,3,count
A,dronet_hetero_int8,dronet,hetero_gemmini_opu,int8,firesim,lowering_ratio,0.9411764705882352,1.35974e-16,3,fraction
A,dronet_hetero_int8,dronet,hetero_gemmini_opu,int8,firesim,n_dispatches_graph,32,0,3,count
A,dronet_hetero_int8,dronet,hetero_gemmini_opu,int8,firesim,n_distinct_op_kinds,8,0,3,count
A,dronet_hetero_int8,dronet,hetero_gemmini_opu,int8,firesim,n_distinct_shapes,25,0,3,count
A,dronet_hetero_int8,dronet,hetero_gemmini_opu,int8,firesim,weights_npz_bytes,326642,0,3,bytes
A,dronet_hetero_int8,dronet,hetero_gemmini_opu,int8,firesim,generate_kernels_s,0.06433333333333334,0.00321455,3,s
A,dronet_hetero_int8,dronet,hetero_gemmini_opu,int8,firesim,build_s,7.289666666666666,0.12246,3,s
A,dronet_hetero_int8,dronet,hetero_gemmini_opu,int8,firesim,total_stage_s,7.353999999999999,0.122184,3,s
A,dronet_hetero_int8,dronet,hetero_gemmini_opu,int8,firesim,compile_wall_clock_s,648.5966666666667,0.485867,3,s
A,dronet_hetero_int8,dronet,hetero_gemmini_opu,int8,firesim,compile_peak_rss_mb,166.76666666666668,0.23094,3,MB
A,dronet_hetero_int8,dronet,hetero_gemmini_opu,int8,firesim,makespan_cycles,414650,0,3,cycles
A,dronet_hetero_int8,dronet,hetero_gemmini_opu,int8,firesim,accelerator_utilization_gemmini,0.2219944531532618,0,3,fraction
A,dronet_hetero_int8,dronet,hetero_gemmini_opu,int8,firesim,accelerator_utilization_opu,0.7745086217291691,1.35974e-16,3,fraction
A,dronet_hetero_int8,dronet,hetero_gemmini_opu,int8,firesim,dispatches_per_tile_gemmini,9,0,3,count
A,dronet_hetero_int8,dronet,hetero_gemmini_opu,int8,firesim,dispatches_per_tile_opu,21,0,3,count
A,dronet_hetero_int8,dronet,hetero_gemmini_opu,int8,firesim,tile_load_imbalance,3.4888647474198806,0,3,ratio
A,dronet_hetero_int8,dronet,hetero_gemmini_opu,int8,firesim,schedule_parallelism_max,1,0,3,count
A,yolov8_nano_scalar_smoke,yolov8_nano,scalar,int8,spike,passes_fired_total,0,0,3,count
A,yolov8_nano_scalar_smoke,yolov8_nano,scalar,int8,spike,linear_relu_fuse_fired,0,0,3,count
A,yolov8_nano_scalar_smoke,yolov8_nano,scalar,int8,spike,conv2d_relu_fuse_fired,0,0,3,count
A,yolov8_nano_scalar_smoke,yolov8_nano,scalar,int8,spike,ir_op_count,212,0,3,count
A,yolov8_nano_scalar_smoke,yolov8_nano,scalar,int8,spike,n_input_nodes,230,0,3,count
A,yolov8_nano_scalar_smoke,yolov8_nano,scalar,int8,spike,lowering_ratio,0.9217391304347826,0,3,fraction
A,yolov8_nano_scalar_smoke,yolov8_nano,scalar,int8,spike,cycles_spike,10437905042,0,3,cycles
A,yolov8_nano_scalar_smoke,yolov8_nano,scalar,int8,spike,wall_cycles_spike,104405200,0,3,cycles
A,yolov8_nano_scalar_smoke,yolov8_nano,scalar,int8,spike,accuracy_linf,0.0,0,3,dimensionless
A,yolov8_nano_scalar_smoke,yolov8_nano,scalar,int8,spike,verify_pass,True,,3,bool
A,yolov8_nano_scalar_smoke,yolov8_nano,scalar,int8,spike,bit_exact,True,,3,bool
A,yolov8_nano_scalar_smoke,yolov8_nano,scalar,int8,spike,latency_ms_spike,10437.905042,0,3,ms
A,yolov8_nano_scalar_smoke,yolov8_nano,scalar,int8,spike,zephyr_elf_bytes,4172565.3333333335,16830.9,3,bytes
A,yolov8_nano_scalar_smoke,yolov8_nano,scalar,int8,spike,kernels_c_bytes,17611.666666666668,9175.83,3,bytes
A,yolov8_nano_scalar_smoke,yolov8_nano,scalar,int8,spike,kernels_c_loc,401.6666666666667,226.321,3,count
A,yolov8_nano_scalar_smoke,yolov8_nano,scalar,int8,spike,weights_npz_bytes,3277160,0,3,bytes
A,yolov8_nano_scalar_smoke,yolov8_nano,scalar,int8,spike,extract_s,35.225,61.0072,3,s
A,yolov8_nano_scalar_smoke,yolov8_nano,scalar,int8,spike,generate_skeleton_s,0.7143333333333333,0.0400541,3,s
A,yolov8_nano_scalar_smoke,yolov8_nano,scalar,int8,spike,generate_kernels_s,0.19466666666666668,0.00450925,3,s
A,yolov8_nano_scalar_smoke,yolov8_nano,scalar,int8,spike,build_s,9.265666666666666,0.213524,3,s
A,yolov8_nano_scalar_smoke,yolov8_nano,scalar,int8,spike,run_s,32.94233333333333,0.384568,3,s
A,yolov8_nano_scalar_smoke,yolov8_nano,scalar,int8,spike,total_stage_s,78.342,60.4028,3,s
A,yolov8_nano_scalar_smoke,yolov8_nano,scalar,int8,spike,n_kernels_curated,0,0,3,count
A,yolov8_nano_scalar_smoke,yolov8_nano,scalar,int8,spike,n_kernels_reference,9,0,3,count
A,yolov8_nano_scalar_smoke,yolov8_nano,scalar,int8,spike,n_kernels_total,9,0,3,count
A,yolov8_nano_scalar_smoke,yolov8_nano,scalar,int8,spike,compile_wall_clock_s,78.42200000000001,60.3968,3,s
A,yolov8_nano_scalar_smoke,yolov8_nano,scalar,int8,spike,compile_peak_rss_mb,377.43333333333334,440.085,3,MB
A,yolov8_nano_scalar_smoke,yolov8_nano,scalar,int8,spike,n_ops_profiled,204,0,3,count
A,yolov8_nano_scalar_smoke,yolov8_nano,scalar,int8,spike,dominant_op_share,0.98241209119442,0,3,fraction
A,yolov8_nano_scalar_smoke,yolov8_nano,scalar,int8,spike,mean_cycles_per_dispatch,51166201.186274506,0,3,cycles
A,yolov8_nano_scalar_smoke,yolov8_nano,scalar,int8,spike,stddev_cycles_per_dispatch,105625107.02816619,0,3,cycles
A,yolov8_nano_scalar_smoke,yolov8_nano,scalar,int8,spike,op_kind_p95_max_cycles,484154119.69999975,0,3,cycles
A,yolov8_nano_scalar_smoke,yolov8_nano,scalar,int8,spike,op_kind_median_max_cycles,126177040.0,0,3,cycles
A,yolov8_nano_rvv_smoke,yolov8_nano,rvv,int8,spike,passes_fired_total,0,0,3,count
A,yolov8_nano_rvv_smoke,yolov8_nano,rvv,int8,spike,linear_relu_fuse_fired,0,0,3,count
A,yolov8_nano_rvv_smoke,yolov8_nano,rvv,int8,spike,conv2d_relu_fuse_fired,0,0,3,count
A,yolov8_nano_rvv_smoke,yolov8_nano,rvv,int8,spike,ir_op_count,212,0,3,count
A,yolov8_nano_rvv_smoke,yolov8_nano,rvv,int8,spike,n_input_nodes,230,0,3,count
A,yolov8_nano_rvv_smoke,yolov8_nano,rvv,int8,spike,lowering_ratio,0.9217391304347826,0,3,fraction
A,yolov8_nano_rvv_smoke,yolov8_nano,rvv,int8,spike,cycles_spike,631334979,0,3,cycles
A,yolov8_nano_rvv_smoke,yolov8_nano,rvv,int8,spike,wall_cycles_spike,6315000,0,3,cycles
A,yolov8_nano_rvv_smoke,yolov8_nano,rvv,int8,spike,accuracy_linf,0.0,0,3,dimensionless
A,yolov8_nano_rvv_smoke,yolov8_nano,rvv,int8,spike,verify_pass,True,,3,bool
A,yolov8_nano_rvv_smoke,yolov8_nano,rvv,int8,spike,bit_exact,True,,3,bool
A,yolov8_nano_rvv_smoke,yolov8_nano,rvv,int8,spike,latency_ms_spike,631.334979,0,3,ms
A,yolov8_nano_rvv_smoke,yolov8_nano,rvv,int8,spike,zephyr_elf_bytes,4179160,0,3,bytes
A,yolov8_nano_rvv_smoke,yolov8_nano,rvv,int8,spike,kernels_c_bytes,23471,0,3,bytes
A,yolov8_nano_rvv_smoke,yolov8_nano,rvv,int8,spike,kernels_c_loc,493,0,3,count
A,yolov8_nano_rvv_smoke,yolov8_nano,rvv,int8,spike,weights_npz_bytes,3277160,0,3,bytes
A,yolov8_nano_rvv_smoke,yolov8_nano,rvv,int8,spike,extract_s,0.001,0,3,s
A,yolov8_nano_rvv_smoke,yolov8_nano,rvv,int8,spike,generate_skeleton_s,0.7026666666666667,0.0605007,3,s
A,yolov8_nano_rvv_smoke,yolov8_nano,rvv,int8,spike,generate_kernels_s,231.7446666666667,2.50964,3,s
A,yolov8_nano_rvv_smoke,yolov8_nano,rvv,int8,spike,build_s,8.131,0.114473,3,s
A,yolov8_nano_rvv_smoke,yolov8_nano,rvv,int8,spike,run_s,13.591000000000001,0.0356791,3,s
A,yolov8_nano_rvv_smoke,yolov8_nano,rvv,int8,spike,total_stage_s,254.17033333333333,2.51365,3,s
A,yolov8_nano_rvv_smoke,yolov8_nano,rvv,int8,spike,n_kernels_curated,4,0,3,count
A,yolov8_nano_rvv_smoke,yolov8_nano,rvv,int8,spike,n_kernels_reference,5,0,3,count
A,yolov8_nano_rvv_smoke,yolov8_nano,rvv,int8,spike,n_kernels_total,9,0,3,count
A,yolov8_nano_rvv_smoke,yolov8_nano,rvv,int8,spike,algorithms_distinct_count,2,0,3,count
A,yolov8_nano_rvv_smoke,yolov8_nano,rvv,int8,spike,compile_wall_clock_s,254.23733333333334,2.51234,3,s
A,yolov8_nano_rvv_smoke,yolov8_nano,rvv,int8,spike,compile_peak_rss_mb,137.29999999999998,0.173205,3,MB
A,yolov8_nano_rvv_smoke,yolov8_nano,rvv,int8,spike,n_ops_profiled,204,0,3,count
A,yolov8_nano_rvv_smoke,yolov8_nano,rvv,int8,spike,dominant_op_share,0.8668241966678675,0,3,fraction
A,yolov8_nano_rvv_smoke,yolov8_nano,rvv,int8,spike,mean_cycles_per_dispatch,3094779.3088235296,0,3,cycles
A,yolov8_nano_rvv_smoke,yolov8_nano,rvv,int8,spike,stddev_cycles_per_dispatch,5391470.730308836,0,3,cycles
A,yolov8_nano_rvv_smoke,yolov8_nano,rvv,int8,spike,op_kind_p95_max_cycles,24791567.299999986,0,3,cycles
A,yolov8_nano_rvv_smoke,yolov8_nano,rvv,int8,spike,op_kind_median_max_cycles,6526380.0,0,3,cycles
A,yolov8n_rvv_opu_int8,yolov8_nano,rvv_opu,int8,firesim,passes_fired_total,0,0,3,count
A,yolov8n_rvv_opu_int8,yolov8_nano,rvv_opu,int8,firesim,linear_relu_fuse_fired,0,0,3,count
A,yolov8n_rvv_opu_int8,yolov8_nano,rvv_opu,int8,firesim,conv2d_relu_fuse_fired,0,0,3,count
A,yolov8n_rvv_opu_int8,yolov8_nano,rvv_opu,int8,firesim,ir_op_count,212,0,3,count
A,yolov8n_rvv_opu_int8,yolov8_nano,rvv_opu,int8,firesim,n_input_nodes,230,0,3,count
A,yolov8n_rvv_opu_int8,yolov8_nano,rvv_opu,int8,firesim,lowering_ratio,0.9217391304347826,0,3,fraction
A,yolov8n_rvv_opu_int8,yolov8_nano,rvv_opu,int8,firesim,cycles_spike,10437933880,0,3,cycles
A,yolov8n_rvv_opu_int8,yolov8_nano,rvv_opu,int8,firesim,wall_cycles_spike,104405500,0,3,cycles
A,yolov8n_rvv_opu_int8,yolov8_nano,rvv_opu,int8,firesim,accuracy_linf,0.0,0,3,dimensionless
A,yolov8n_rvv_opu_int8,yolov8_nano,rvv_opu,int8,firesim,verify_pass,True,,3,bool
A,yolov8n_rvv_opu_int8,yolov8_nano,rvv_opu,int8,firesim,bit_exact,True,,3,bool
A,yolov8n_rvv_opu_int8,yolov8_nano,rvv_opu,int8,firesim,zephyr_elf_bytes,4171432,0,3,bytes
A,yolov8n_rvv_opu_int8,yolov8_nano,rvv_opu,int8,firesim,kernels_c_bytes,12365,0,3,bytes
A,yolov8n_rvv_opu_int8,yolov8_nano,rvv_opu,int8,firesim,kernels_c_loc,273,0,3,count
A,yolov8n_rvv_opu_int8,yolov8_nano,rvv_opu,int8,firesim,weights_npz_bytes,3277160,0,3,bytes
A,yolov8n_rvv_opu_int8,yolov8_nano,rvv_opu,int8,firesim,extract_s,0.0016666666666666668,0.00057735,3,s
A,yolov8n_rvv_opu_int8,yolov8_nano,rvv_opu,int8,firesim,generate_skeleton_s,0.7073333333333333,0.0662143,3,s
A,yolov8n_rvv_opu_int8,yolov8_nano,rvv_opu,int8,firesim,generate_kernels_s,308.71333333333337,0.777947,3,s
A,yolov8n_rvv_opu_int8,yolov8_nano,rvv_opu,int8,firesim,build_s,9.261000000000001,0.123382,3,s
A,yolov8n_rvv_opu_int8,yolov8_nano,rvv_opu,int8,firesim,run_s,29.527666666666665,0.372793,3,s
A,yolov8n_rvv_opu_int8,yolov8_nano,rvv_opu,int8,firesim,total_stage_s,348.211,0.564408,3,s
A,yolov8n_rvv_opu_int8,yolov8_nano,rvv_opu,int8,firesim,n_kernels_curated,0,0,3,count
A,yolov8n_rvv_opu_int8,yolov8_nano,rvv_opu,int8,firesim,n_kernels_reference,9,0,3,count
A,yolov8n_rvv_opu_int8,yolov8_nano,rvv_opu,int8,firesim,n_kernels_total,9,0,3,count
A,yolov8n_rvv_opu_int8,yolov8_nano,rvv_opu,int8,firesim,compile_wall_clock_s,348.2683333333334,0.569895,3,s
A,yolov8n_rvv_opu_int8,yolov8_nano,rvv_opu,int8,firesim,compile_peak_rss_mb,136.36666666666667,0.057735,3,MB
A,yolov8n_rvv_opu_int8,yolov8_nano,rvv_opu,int8,firesim,n_ops_profiled,204,0,3,count
A,yolov8n_rvv_opu_int8,yolov8_nano,rvv_opu,int8,firesim,dominant_op_share,0.9824121600011515,0,3,fraction
A,yolov8n_rvv_opu_int8,yolov8_nano,rvv_opu,int8,firesim,mean_cycles_per_dispatch,51166342.549019605,0,3,cycles
A,yolov8n_rvv_opu_int8,yolov8_nano,rvv_opu,int8,firesim,stddev_cycles_per_dispatch,105625401.26519664,1.82501e-08,3,cycles
A,yolov8n_rvv_opu_int8,yolov8_nano,rvv_opu,int8,firesim,op_kind_p95_max_cycles,484155439.69999975,0,3,cycles
A,yolov8n_rvv_opu_int8,yolov8_nano,rvv_opu,int8,firesim,op_kind_median_max_cycles,126177370.0,0,3,cycles
A,yolov8n_gemmini_int8,yolov8_nano,gemmini,int8,firesim,passes_fired_total,0,0,3,count
A,yolov8n_gemmini_int8,yolov8_nano,gemmini,int8,firesim,linear_relu_fuse_fired,0,0,3,count
A,yolov8n_gemmini_int8,yolov8_nano,gemmini,int8,firesim,conv2d_relu_fuse_fired,0,0,3,count
A,yolov8n_gemmini_int8,yolov8_nano,gemmini,int8,firesim,ir_op_count,212,0,3,count
A,yolov8n_gemmini_int8,yolov8_nano,gemmini,int8,firesim,n_input_nodes,230,0,3,count
A,yolov8n_gemmini_int8,yolov8_nano,gemmini,int8,firesim,lowering_ratio,0.9217391304347826,0,3,fraction
A,yolov8n_gemmini_int8,yolov8_nano,gemmini,int8,firesim,cycles_spike,283076496,0,3,cycles
A,yolov8n_gemmini_int8,yolov8_nano,gemmini,int8,firesim,wall_cycles_spike,2831550,0,3,cycles
A,yolov8n_gemmini_int8,yolov8_nano,gemmini,int8,firesim,accuracy_linf,0.0,0,3,dimensionless
A,yolov8n_gemmini_int8,yolov8_nano,gemmini,int8,firesim,verify_pass,True,,3,bool
A,yolov8n_gemmini_int8,yolov8_nano,gemmini,int8,firesim,bit_exact,True,,3,bool
A,yolov8n_gemmini_int8,yolov8_nano,gemmini,int8,firesim,zephyr_elf_bytes,4205576,0,3,bytes
A,yolov8n_gemmini_int8,yolov8_nano,gemmini,int8,firesim,kernels_c_bytes,19429,0,3,bytes
A,yolov8n_gemmini_int8,yolov8_nano,gemmini,int8,firesim,kernels_c_loc,430,0,3,count
A,yolov8n_gemmini_int8,yolov8_nano,gemmini,int8,firesim,weights_npz_bytes,3277160,0,3,bytes
A,yolov8n_gemmini_int8,yolov8_nano,gemmini,int8,firesim,extract_s,0.001,0,3,s
A,yolov8n_gemmini_int8,yolov8_nano,gemmini,int8,firesim,generate_skeleton_s,0.702,0.0043589,3,s
A,yolov8n_gemmini_int8,yolov8_nano,gemmini,int8,firesim,generate_kernels_s,21.455333333333332,0.323738,3,s
A,yolov8n_gemmini_int8,yolov8_nano,gemmini,int8,firesim,build_s,9.321,0.286344,3,s
A,yolov8n_gemmini_int8,yolov8_nano,gemmini,int8,firesim,run_s,3.8553333333333337,0.090633,3,s
A,yolov8n_gemmini_int8,yolov8_nano,gemmini,int8,firesim,total_stage_s,35.334666666666664,0.128321,3,s
A,yolov8n_gemmini_int8,yolov8_nano,gemmini,int8,firesim,n_kernels_curated,1,0,3,count
A,yolov8n_gemmini_int8,yolov8_nano,gemmini,int8,firesim,n_kernels_reference,8,0,3,count
A,yolov8n_gemmini_int8,yolov8_nano,gemmini,int8,firesim,n_kernels_total,9,0,3,count
A,yolov8n_gemmini_int8,yolov8_nano,gemmini,int8,firesim,algorithms_distinct_count,1,0,3,count
A,yolov8n_gemmini_int8,yolov8_nano,gemmini,int8,firesim,compile_wall_clock_s,35.38733333333334,0.12871,3,s
A,yolov8n_gemmini_int8,yolov8_nano,gemmini,int8,firesim,compile_peak_rss_mb,124.13333333333333,0.152753,3,MB
A,yolov8n_gemmini_int8,yolov8_nano,gemmini,int8,firesim,n_ops_profiled,204,0,3,count
A,yolov8n_gemmini_int8,yolov8_nano,gemmini,int8,firesim,dominant_op_share,0.35221469959130763,0,3,fraction
A,yolov8n_gemmini_int8,yolov8_nano,gemmini,int8,firesim,mean_cycles_per_dispatch,1387629.8823529412,0,3,cycles
A,yolov8n_gemmini_int8,yolov8_nano,gemmini,int8,firesim,stddev_cycles_per_dispatch,1520563.578501798,0,3,cycles
A,yolov8n_gemmini_int8,yolov8_nano,gemmini,int8,firesim,op_kind_p95_max_cycles,5816904.0,0,3,cycles
A,yolov8n_gemmini_int8,yolov8_nano,gemmini,int8,firesim,op_kind_median_max_cycles,1436904.0,0,3,cycles
A,yolov8n_gemmini_q31_int8,yolov8_nano,gemmini_q31,int8,firesim,passes_fired_total,0,0,3,count
A,yolov8n_gemmini_q31_int8,yolov8_nano,gemmini_q31,int8,firesim,linear_relu_fuse_fired,0,0,3,count
A,yolov8n_gemmini_q31_int8,yolov8_nano,gemmini_q31,int8,firesim,conv2d_relu_fuse_fired,0,0,3,count
A,yolov8n_gemmini_q31_int8,yolov8_nano,gemmini_q31,int8,firesim,ir_op_count,212,0,3,count
A,yolov8n_gemmini_q31_int8,yolov8_nano,gemmini_q31,int8,firesim,n_input_nodes,230,0,3,count
A,yolov8n_gemmini_q31_int8,yolov8_nano,gemmini_q31,int8,firesim,lowering_ratio,0.9217391304347826,0,3,fraction
A,yolov8n_gemmini_q31_int8,yolov8_nano,gemmini_q31,int8,firesim,cycles_spike,280933590,0,3,cycles
A,yolov8n_gemmini_q31_int8,yolov8_nano,gemmini_q31,int8,firesim,wall_cycles_spike,2810150,0,3,cycles
A,yolov8n_gemmini_q31_int8,yolov8_nano,gemmini_q31,int8,firesim,accuracy_linf,9.0,0,3,dimensionless
A,yolov8n_gemmini_q31_int8,yolov8_nano,gemmini_q31,int8,firesim,verify_pass,True,,3,bool
A,yolov8n_gemmini_q31_int8,yolov8_nano,gemmini_q31,int8,firesim,bit_exact,False,,3,bool
A,yolov8n_gemmini_q31_int8,yolov8_nano,gemmini_q31,int8,firesim,zephyr_elf_bytes,4239976,0,3,bytes
A,yolov8n_gemmini_q31_int8,yolov8_nano,gemmini_q31,int8,firesim,kernels_c_bytes,29217,0,3,bytes
A,yolov8n_gemmini_q31_int8,yolov8_nano,gemmini_q31,int8,firesim,kernels_c_loc,659,0,3,count
A,yolov8n_gemmini_q31_int8,yolov8_nano,gemmini_q31,int8,firesim,weights_npz_bytes,3277160,0,3,bytes
A,yolov8n_gemmini_q31_int8,yolov8_nano,gemmini_q31,int8,firesim,extract_s,0.001,0,3,s
A,yolov8n_gemmini_q31_int8,yolov8_nano,gemmini_q31,int8,firesim,generate_skeleton_s,0.726,0.0434051,3,s
A,yolov8n_gemmini_q31_int8,yolov8_nano,gemmini_q31,int8,firesim,generate_kernels_s,67.401,0.406198,3,s
A,yolov8n_gemmini_q31_int8,yolov8_nano,gemmini_q31,int8,firesim,build_s,9.046666666666667,0.19958,3,s
A,yolov8n_gemmini_q31_int8,yolov8_nano,gemmini_q31,int8,firesim,run_s,3.73,0.0329242,3,s
A,yolov8n_gemmini_q31_int8,yolov8_nano,gemmini_q31,int8,firesim,total_stage_s,80.90466666666667,0.406643,3,s
A,yolov8n_gemmini_q31_int8,yolov8_nano,gemmini_q31,int8,firesim,n_kernels_curated,3,0,3,count
A,yolov8n_gemmini_q31_int8,yolov8_nano,gemmini_q31,int8,firesim,n_kernels_reference,6,0,3,count
A,yolov8n_gemmini_q31_int8,yolov8_nano,gemmini_q31,int8,firesim,n_kernels_total,9,0,3,count
A,yolov8n_gemmini_q31_int8,yolov8_nano,gemmini_q31,int8,firesim,algorithms_distinct_count,3,0,3,count
A,yolov8n_gemmini_q31_int8,yolov8_nano,gemmini_q31,int8,firesim,compile_wall_clock_s,80.95666666666666,0.405838,3,s
A,yolov8n_gemmini_q31_int8,yolov8_nano,gemmini_q31,int8,firesim,compile_peak_rss_mb,124.10000000000001,0.1,3,MB
A,yolov8n_gemmini_q31_int8,yolov8_nano,gemmini_q31,int8,firesim,n_ops_profiled,204,0,3,count
A,yolov8n_gemmini_q31_int8,yolov8_nano,gemmini_q31,int8,firesim,dominant_op_share,0.35491880839169143,0,3,fraction
A,yolov8n_gemmini_q31_int8,yolov8_nano,gemmini_q31,int8,firesim,mean_cycles_per_dispatch,1377125.4411764706,0,3,cycles
A,yolov8n_gemmini_q31_int8,yolov8_nano,gemmini_q31,int8,firesim,stddev_cycles_per_dispatch,1527089.894974043,2.85158e-10,3,cycles
A,yolov8n_gemmini_q31_int8,yolov8_nano,gemmini_q31,int8,firesim,op_kind_p95_max_cycles,5817328.199999999,0,3,cycles
A,yolov8n_gemmini_q31_int8,yolov8_nano,gemmini_q31,int8,firesim,op_kind_median_max_cycles,1436917.0,0,3,cycles
B-bedrock,dronet_rvv_opu_int8,dronet,rvv_opu,int8,firesim,passes_fired_total,0,0,3,count
B-bedrock,dronet_rvv_opu_int8,dronet,rvv_opu,int8,firesim,linear_relu_fuse_fired,0,0,3,count
B-bedrock,dronet_rvv_opu_int8,dronet,rvv_opu,int8,firesim,conv2d_relu_fuse_fired,0,0,3,count
B-bedrock,dronet_rvv_opu_int8,dronet,rvv_opu,int8,firesim,ir_op_count,32,0,3,count
B-bedrock,dronet_rvv_opu_int8,dronet,rvv_opu,int8,firesim,n_input_nodes,34,0,3,count
B-bedrock,dronet_rvv_opu_int8,dronet,rvv_opu,int8,firesim,lowering_ratio,0.9411764705882352,1.35974e-16,3,fraction
B-bedrock,dronet_rvv_opu_int8,dronet,rvv_opu,int8,firesim,n_dispatches_graph,32,0,3,count
B-bedrock,dronet_rvv_opu_int8,dronet,rvv_opu,int8,firesim,n_distinct_op_kinds,8,0,3,count
B-bedrock,dronet_rvv_opu_int8,dronet,rvv_opu,int8,firesim,n_distinct_shapes,25,0,3,count
B-bedrock,dronet_rvv_opu_int8,dronet,rvv_opu,int8,firesim,cycles_spike,15334283,10827.4,3,cycles
B-bedrock,dronet_rvv_opu_int8,dronet,rvv_opu,int8,firesim,wall_cycles_spike,153366.66666666666,125.831,3,cycles
B-bedrock,dronet_rvv_opu_int8,dronet,rvv_opu,int8,firesim,accuracy_linf,0.0,0,3,dimensionless
B-bedrock,dronet_rvv_opu_int8,dronet,rvv_opu,int8,firesim,verify_pass,True,,3,bool
B-bedrock,dronet_rvv_opu_int8,dronet,rvv_opu,int8,firesim,bit_exact,True,,3,bool
B-bedrock,dronet_rvv_opu_int8,dronet,rvv_opu,int8,firesim,zephyr_elf_bytes,900554.6666666666,391.046,3,bytes
B-bedrock,dronet_rvv_opu_int8,dronet,rvv_opu,int8,firesim,kernels_c_bytes,19863,330.509,3,bytes
B-bedrock,dronet_rvv_opu_int8,dronet,rvv_opu,int8,firesim,kernels_c_loc,424.6666666666667,3.05505,3,count
B-bedrock,dronet_rvv_opu_int8,dronet,rvv_opu,int8,firesim,weights_npz_bytes,326642,0,3,bytes
B-bedrock,dronet_rvv_opu_int8,dronet,rvv_opu,int8,firesim,extract_s,0.0016666666666666668,0.00057735,3,s
B-bedrock,dronet_rvv_opu_int8,dronet,rvv_opu,int8,firesim,generate_skeleton_s,0.17533333333333334,0.0181475,3,s
B-bedrock,dronet_rvv_opu_int8,dronet,rvv_opu,int8,firesim,generate_kernels_s,1347.3483333333334,252.297,3,s
B-bedrock,dronet_rvv_opu_int8,dronet,rvv_opu,int8,firesim,build_s,6.509,0.0353836,3,s
B-bedrock,dronet_rvv_opu_int8,dronet,rvv_opu,int8,firesim,run_s,0.7843333333333332,0.0615982,3,s
B-bedrock,dronet_rvv_opu_int8,dronet,rvv_opu,int8,firesim,total_stage_s,1354.8186666666668,252.308,3,s
B-bedrock,dronet_rvv_opu_int8,dronet,rvv_opu,int8,firesim,n_kernels_curated,0,0,3,count
B-bedrock,dronet_rvv_opu_int8,dronet,rvv_opu,int8,firesim,n_kernels_reference,0,0,3,count
B-bedrock,dronet_rvv_opu_int8,dronet,rvv_opu,int8,firesim,n_kernels_cached,0,0,3,count
B-bedrock,dronet_rvv_opu_int8,dronet,rvv_opu,int8,firesim,n_kernels_llm,7,0,3,count
B-bedrock,dronet_rvv_opu_int8,dronet,rvv_opu,int8,firesim,n_kernels_total,7,0,3,count
B-bedrock,dronet_rvv_opu_int8,dronet,rvv_opu,int8,firesim,algorithms_distinct_count,3,0,3,count
B-bedrock,dronet_rvv_opu_int8,dronet,rvv_opu,int8,firesim,compile_wall_clock_s,1354.8743333333332,252.313,3,s
B-bedrock,dronet_rvv_opu_int8,dronet,rvv_opu,int8,firesim,compile_peak_rss_mb,140.2,0,3,MB
B-bedrock,dronet_rvv_opu_int8,dronet,rvv_opu,int8,firesim,n_ops_profiled,30,0,3,count
B-bedrock,dronet_rvv_opu_int8,dronet,rvv_opu,int8,firesim,dominant_op_share,0.9840263815785454,0.000694709,3,fraction
B-bedrock,dronet_rvv_opu_int8,dronet,rvv_opu,int8,firesim,mean_cycles_per_dispatch,511142.76666666666,360.913,3,cycles
B-bedrock,dronet_rvv_opu_int8,dronet,rvv_opu,int8,firesim,stddev_cycles_per_dispatch,1063359.460486906,126.545,3,cycles
B-bedrock,dronet_rvv_opu_int8,dronet,rvv_opu,int8,firesim,op_kind_p95_max_cycles,3721124.9999999967,0,3,cycles
B-bedrock,dronet_rvv_opu_int8,dronet,rvv_opu,int8,firesim,op_kind_median_max_cycles,1495453.5,0,3,cycles
B-bedrock,dronet_rvv_opu_int8,dronet,rvv_opu,int8,firesim,beam_n_candidates_total,34,4.58258,3,count
B-bedrock,dronet_rvv_opu_int8,dronet,rvv_opu,int8,firesim,beam_n_candidates_viable,19.333333333333332,4.6188,3,count
B-bedrock,dronet_rvv_opu_int8,dronet,rvv_opu,int8,firesim,beam_n_candidates_build_fail,3.6666666666666665,1.52753,3,count
B-bedrock,dronet_rvv_opu_int8,dronet,rvv_opu,int8,firesim,beam_n_candidates_verify_fail,1.6666666666666667,0.57735,3,count
B-bedrock,dronet_rvv_opu_int8,dronet,rvv_opu,int8,firesim,beam_n_candidates_duplicate,9.333333333333334,1.52753,3,count
B-bedrock,dronet_rvv_opu_int8,dronet,rvv_opu,int8,firesim,beam_tokens_per_candidate_mean,18754.613053613055,174.213,3,tokens
B-bedrock,dronet_rvv_opu_int8,dronet,rvv_opu,int8,firesim,beam_best_improvement_pct,49.719578659018936,40.336,3,percent
B-bedrock,dronet_rvv_opu_int8,dronet,rvv_opu,int8,firesim,beam_iter_to_best,1.3333333333333333,0.57735,3,iteration
B-bedrock,dronet_rvv_opu_int8,dronet,rvv_opu,int8,firesim,tokens_input_cached,0,0,3,tokens
B-bedrock,dronet_rvv_opu_int8,dronet,rvv_opu,int8,firesim,tokens_input_uncached,667138.3333333334,84604.3,3,tokens
B-bedrock,dronet_rvv_opu_int8,dronet,rvv_opu,int8,firesim,tokens_output,46453.333333333336,7675.57,3,tokens
B-bedrock,dronet_rvv_opu_int8,dronet,rvv_opu,int8,firesim,dollars_equivalent,2.698215,0.366923,3,USD
B-bedrock,dronet_gemmini_int8,dronet,gemmini,int8,firesim,passes_fired_total,0,0,3,count
B-bedrock,dronet_gemmini_int8,dronet,gemmini,int8,firesim,linear_relu_fuse_fired,0,0,3,count
B-bedrock,dronet_gemmini_int8,dronet,gemmini,int8,firesim,conv2d_relu_fuse_fired,0,0,3,count
B-bedrock,dronet_gemmini_int8,dronet,gemmini,int8,firesim,ir_op_count,32,0,3,count
B-bedrock,dronet_gemmini_int8,dronet,gemmini,int8,firesim,n_input_nodes,34,0,3,count
B-bedrock,dronet_gemmini_int8,dronet,gemmini,int8,firesim,lowering_ratio,0.9411764705882352,1.35974e-16,3,fraction
B-bedrock,dronet_gemmini_int8,dronet,gemmini,int8,firesim,n_dispatches_graph,32,0,3,count
B-bedrock,dronet_gemmini_int8,dronet,gemmini,int8,firesim,n_distinct_op_kinds,8,0,3,count
B-bedrock,dronet_gemmini_int8,dronet,gemmini,int8,firesim,n_distinct_shapes,25,0,3,count
B-bedrock,dronet_gemmini_int8,dronet,gemmini,int8,firesim,cycles_spike,15531641.333333334,801686,3,cycles
B-bedrock,dronet_gemmini_int8,dronet,gemmini,int8,firesim,wall_cycles_spike,155333.33333333334,8019.4,3,cycles
B-bedrock,dronet_gemmini_int8,dronet,gemmini,int8,firesim,accuracy_linf,0.0,0,3,dimensionless
B-bedrock,dronet_gemmini_int8,dronet,gemmini,int8,firesim,verify_pass,True,,3,bool
B-bedrock,dronet_gemmini_int8,dronet,gemmini,int8,firesim,bit_exact,True,,3,bool
B-bedrock,dronet_gemmini_int8,dronet,gemmini,int8,firesim,zephyr_elf_bytes,930386.6666666666,2046.27,3,bytes
B-bedrock,dronet_gemmini_int8,dronet,gemmini,int8,firesim,kernels_c_bytes,15087.666666666666,1523.63,3,bytes
B-bedrock,dronet_gemmini_int8,dronet,gemmini,int8,firesim,kernels_c_loc,359.3333333333333,26.6896,3,count
B-bedrock,dronet_gemmini_int8,dronet,gemmini,int8,firesim,weights_npz_bytes,326642,0,3,bytes
B-bedrock,dronet_gemmini_int8,dronet,gemmini,int8,firesim,extract_s,0.001,0,3,s
B-bedrock,dronet_gemmini_int8,dronet,gemmini,int8,firesim,generate_skeleton_s,0.20233333333333334,0.0111505,3,s
B-bedrock,dronet_gemmini_int8,dronet,gemmini,int8,firesim,generate_kernels_s,351.729,32.7114,3,s
B-bedrock,dronet_gemmini_int8,dronet,gemmini,int8,firesim,build_s,6.545333333333333,0.0637913,3,s
B-bedrock,dronet_gemmini_int8,dronet,gemmini,int8,firesim,run_s,0.42366666666666664,0.0130128,3,s
B-bedrock,dronet_gemmini_int8,dronet,gemmini,int8,firesim,total_stage_s,358.9013333333333,32.7018,3,s
B-bedrock,dronet_gemmini_int8,dronet,gemmini,int8,firesim,n_kernels_curated,0,0,3,count
B-bedrock,dronet_gemmini_int8,dronet,gemmini,int8,firesim,n_kernels_reference,5,0,3,count
B-bedrock,dronet_gemmini_int8,dronet,gemmini,int8,firesim,n_kernels_cached,0,0,3,count
B-bedrock,dronet_gemmini_int8,dronet,gemmini,int8,firesim,n_kernels_llm,2,0,3,count
B-bedrock,dronet_gemmini_int8,dronet,gemmini,int8,firesim,n_kernels_total,7,0,3,count
B-bedrock,dronet_gemmini_int8,dronet,gemmini,int8,firesim,algorithms_distinct_count,2,0,3,count
B-bedrock,dronet_gemmini_int8,dronet,gemmini,int8,firesim,compile_wall_clock_s,358.955,32.6987,3,s
B-bedrock,dronet_gemmini_int8,dronet,gemmini,int8,firesim,compile_peak_rss_mb,99.8,0,3,MB
B-bedrock,dronet_gemmini_int8,dronet,gemmini,int8,firesim,n_ops_profiled,30,0,3,count
B-bedrock,dronet_gemmini_int8,dronet,gemmini,int8,firesim,dominant_op_share,0.4353970027698908,0.0295622,3,fraction
B-bedrock,dronet_gemmini_int8,dronet,gemmini,int8,firesim,mean_cycles_per_dispatch,517721.3777777778,26722.9,3,cycles
B-bedrock,dronet_gemmini_int8,dronet,gemmini,int8,firesim,stddev_cycles_per_dispatch,1160203.668010436,24869.3,3,cycles
B-bedrock,dronet_gemmini_int8,dronet,gemmini,int8,firesim,op_kind_p95_max_cycles,5146005.0,0,3,cycles
B-bedrock,dronet_gemmini_int8,dronet,gemmini,int8,firesim,op_kind_median_max_cycles,5146005.0,0,3,cycles
B-bedrock,dronet_gemmini_int8,dronet,gemmini,int8,firesim,beam_n_candidates_total,12,0,3,count
B-bedrock,dronet_gemmini_int8,dronet,gemmini,int8,firesim,beam_n_candidates_viable,11,1,3,count
B-bedrock,dronet_gemmini_int8,dronet,gemmini,int8,firesim,beam_n_candidates_build_fail,0,0,3,count
B-bedrock,dronet_gemmini_int8,dronet,gemmini,int8,firesim,beam_n_candidates_verify_fail,0.3333333333333333,0.57735,3,count
B-bedrock,dronet_gemmini_int8,dronet,gemmini,int8,firesim,beam_n_candidates_duplicate,0.6666666666666666,0.57735,3,count
B-bedrock,dronet_gemmini_int8,dronet,gemmini,int8,firesim,beam_tokens_per_candidate_mean,9429.0,1115.68,3,tokens
B-bedrock,dronet_gemmini_int8,dronet,gemmini,int8,firesim,beam_best_improvement_pct,31.359843948222316,8.11833,3,percent
B-bedrock,dronet_gemmini_int8,dronet,gemmini,int8,firesim,beam_iter_to_best,1,0,3,iteration
B-bedrock,dronet_gemmini_int8,dronet,gemmini,int8,firesim,tokens_input_cached,0,0,3,tokens
B-bedrock,dronet_gemmini_int8,dronet,gemmini,int8,firesim,tokens_input_uncached,81502,9692.53,3,tokens
B-bedrock,dronet_gemmini_int8,dronet,gemmini,int8,firesim,tokens_output,31646,3701.83,3,tokens
B-bedrock,dronet_gemmini_int8,dronet,gemmini,int8,firesim,dollars_equivalent,0.7191960000000001,0.0845606,3,USD
B-bedrock,dronet_gemmini_q31_int8,dronet,gemmini_q31,int8,firesim,passes_fired_total,0,0,3,count
B-bedrock,dronet_gemmini_q31_int8,dronet,gemmini_q31,int8,firesim,linear_relu_fuse_fired,0,0,3,count
B-bedrock,dronet_gemmini_q31_int8,dronet,gemmini_q31,int8,firesim,conv2d_relu_fuse_fired,0,0,3,count
B-bedrock,dronet_gemmini_q31_int8,dronet,gemmini_q31,int8,firesim,ir_op_count,32,0,3,count
B-bedrock,dronet_gemmini_q31_int8,dronet,gemmini_q31,int8,firesim,n_input_nodes,34,0,3,count
B-bedrock,dronet_gemmini_q31_int8,dronet,gemmini_q31,int8,firesim,lowering_ratio,0.9411764705882352,1.35974e-16,3,fraction
B-bedrock,dronet_gemmini_q31_int8,dronet,gemmini_q31,int8,firesim,n_dispatches_graph,32,0,3,count
B-bedrock,dronet_gemmini_q31_int8,dronet,gemmini_q31,int8,firesim,n_distinct_op_kinds,8,0,3,count
B-bedrock,dronet_gemmini_q31_int8,dronet,gemmini_q31,int8,firesim,n_distinct_shapes,25,0,3,count
B-bedrock,dronet_gemmini_q31_int8,dronet,gemmini_q31,int8,firesim,zephyr_elf_bytes,982328,0,3,bytes
B-bedrock,dronet_gemmini_q31_int8,dronet,gemmini_q31,int8,firesim,kernels_c_bytes,31339,0,3,bytes
B-bedrock,dronet_gemmini_q31_int8,dronet,gemmini_q31,int8,firesim,kernels_c_loc,713,0,3,count
B-bedrock,dronet_gemmini_q31_int8,dronet,gemmini_q31,int8,firesim,weights_npz_bytes,326642,0,3,bytes
B-bedrock,dronet_gemmini_q31_int8,dronet,gemmini_q31,int8,firesim,extract_s,0.001,0,3,s
B-bedrock,dronet_gemmini_q31_int8,dronet,gemmini_q31,int8,firesim,generate_skeleton_s,0.208,0.0372424,3,s
B-bedrock,dronet_gemmini_q31_int8,dronet,gemmini_q31,int8,firesim,total_stage_s,0.209,0.0372424,3,s
B-bedrock,dronet_gemmini_q31_int8,dronet,gemmini_q31,int8,firesim,n_kernels_curated,0,0,3,count
B-bedrock,dronet_gemmini_q31_int8,dronet,gemmini_q31,int8,firesim,n_kernels_reference,0,0,3,count
B-bedrock,dronet_gemmini_q31_int8,dronet,gemmini_q31,int8,firesim,n_kernels_cached,0,0,3,count
B-bedrock,dronet_gemmini_q31_int8,dronet,gemmini_q31,int8,firesim,n_kernels_llm,7,0,3,count
B-bedrock,dronet_gemmini_q31_int8,dronet,gemmini_q31,int8,firesim,n_kernels_total,7,0,3,count
B-bedrock,dronet_gemmini_q31_int8,dronet,gemmini_q31,int8,firesim,algorithms_distinct_count,6,0,3,count
B-bedrock,dronet_gemmini_q31_int8,dronet,gemmini_q31,int8,firesim,compile_wall_clock_s,58.805,4.00407,3,s
B-bedrock,dronet_gemmini_q31_int8,dronet,gemmini_q31,int8,firesim,compile_peak_rss_mb,99.8,0,3,MB
B-bedrock,dronet_gemmini_q31_int8,dronet,gemmini_q31,int8,firesim,tokens_input_cached,0,0,3,tokens
B-bedrock,dronet_gemmini_q31_int8,dronet,gemmini_q31,int8,firesim,tokens_input_uncached,2159,3739.5,3,tokens
B-bedrock,dronet_gemmini_q31_int8,dronet,gemmini_q31,int8,firesim,tokens_output,170.66666666666666,295.603,3,tokens
B-bedrock,dronet_gemmini_q31_int8,dronet,gemmini_q31,int8,firesim,dollars_equivalent,0.027111,,3,USD
B-bedrock,yolov8n_rvv_opu_int8,yolov8_nano,rvv_opu,int8,firesim,passes_fired_total,0,0,3,count
B-bedrock,yolov8n_rvv_opu_int8,yolov8_nano,rvv_opu,int8,firesim,linear_relu_fuse_fired,0,0,3,count
B-bedrock,yolov8n_rvv_opu_int8,yolov8_nano,rvv_opu,int8,firesim,conv2d_relu_fuse_fired,0,0,3,count
B-bedrock,yolov8n_rvv_opu_int8,yolov8_nano,rvv_opu,int8,firesim,ir_op_count,212,0,3,count
B-bedrock,yolov8n_rvv_opu_int8,yolov8_nano,rvv_opu,int8,firesim,n_input_nodes,230,0,3,count
B-bedrock,yolov8n_rvv_opu_int8,yolov8_nano,rvv_opu,int8,firesim,lowering_ratio,0.9217391304347826,0,3,fraction
B-bedrock,yolov8n_rvv_opu_int8,yolov8_nano,rvv_opu,int8,firesim,cycles_spike,626016150.6666666,789046,3,cycles
B-bedrock,yolov8n_rvv_opu_int8,yolov8_nano,rvv_opu,int8,firesim,wall_cycles_spike,6261783.333333333,7895.3,3,cycles
B-bedrock,yolov8n_rvv_opu_int8,yolov8_nano,rvv_opu,int8,firesim,accuracy_linf,0.0,0,3,dimensionless
B-bedrock,yolov8n_rvv_opu_int8,yolov8_nano,rvv_opu,int8,firesim,verify_pass,True,,3,bool
B-bedrock,yolov8n_rvv_opu_int8,yolov8_nano,rvv_opu,int8,firesim,bit_exact,True,,3,bool
B-bedrock,yolov8n_rvv_opu_int8,yolov8_nano,rvv_opu,int8,firesim,zephyr_elf_bytes,4182765.3333333335,546.426,3,bytes
B-bedrock,yolov8n_rvv_opu_int8,yolov8_nano,rvv_opu,int8,firesim,kernels_c_bytes,28622.666666666668,1433.62,3,bytes
B-bedrock,yolov8n_rvv_opu_int8,yolov8_nano,rvv_opu,int8,firesim,kernels_c_loc,610.3333333333334,34.6747,3,count
B-bedrock,yolov8n_rvv_opu_int8,yolov8_nano,rvv_opu,int8,firesim,weights_npz_bytes,3277160,0,3,bytes
B-bedrock,yolov8n_rvv_opu_int8,yolov8_nano,rvv_opu,int8,firesim,extract_s,0.0013333333333333333,0.00057735,3,s
B-bedrock,yolov8n_rvv_opu_int8,yolov8_nano,rvv_opu,int8,firesim,generate_skeleton_s,0.7676666666666666,0.0419325,3,s
B-bedrock,yolov8n_rvv_opu_int8,yolov8_nano,rvv_opu,int8,firesim,generate_kernels_s,1583.4399999999998,132.752,3,s
B-bedrock,yolov8n_rvv_opu_int8,yolov8_nano,rvv_opu,int8,firesim,build_s,9.266,0.435446,3,s
B-bedrock,yolov8n_rvv_opu_int8,yolov8_nano,rvv_opu,int8,firesim,run_s,14.485333333333335,0.586058,3,s
B-bedrock,yolov8n_rvv_opu_int8,yolov8_nano,rvv_opu,int8,firesim,total_stage_s,1607.9603333333334,133.15,3,s
B-bedrock,yolov8n_rvv_opu_int8,yolov8_nano,rvv_opu,int8,firesim,n_kernels_curated,0,0,3,count
B-bedrock,yolov8n_rvv_opu_int8,yolov8_nano,rvv_opu,int8,firesim,n_kernels_reference,0,0,3,count
B-bedrock,yolov8n_rvv_opu_int8,yolov8_nano,rvv_opu,int8,firesim,n_kernels_cached,0,0,3,count
B-bedrock,yolov8n_rvv_opu_int8,yolov8_nano,rvv_opu,int8,firesim,n_kernels_llm,9,0,3,count
B-bedrock,yolov8n_rvv_opu_int8,yolov8_nano,rvv_opu,int8,firesim,n_kernels_total,9,0,3,count
B-bedrock,yolov8n_rvv_opu_int8,yolov8_nano,rvv_opu,int8,firesim,algorithms_distinct_count,2,0,3,count
B-bedrock,yolov8n_rvv_opu_int8,yolov8_nano,rvv_opu,int8,firesim,compile_wall_clock_s,1608.0190000000002,133.144,3,s
B-bedrock,yolov8n_rvv_opu_int8,yolov8_nano,rvv_opu,int8,firesim,compile_peak_rss_mb,140.70000000000002,0.556776,3,MB
B-bedrock,yolov8n_rvv_opu_int8,yolov8_nano,rvv_opu,int8,firesim,n_ops_profiled,204,0,3,count
B-bedrock,yolov8n_rvv_opu_int8,yolov8_nano,rvv_opu,int8,firesim,dominant_op_share,0.8406391288986607,0.00105806,3,fraction
B-bedrock,yolov8n_rvv_opu_int8,yolov8_nano,rvv_opu,int8,firesim,mean_cycles_per_dispatch,3068706.620915033,3867.87,3,cycles
B-bedrock,yolov8n_rvv_opu_int8,yolov8_nano,rvv_opu,int8,firesim,stddev_cycles_per_dispatch,5156257.392117127,2133.9,3,cycles
B-bedrock,yolov8n_rvv_opu_int8,yolov8_nano,rvv_opu,int8,firesim,op_kind_p95_max_cycles,23131836.699999988,0,3,cycles
B-bedrock,yolov8n_rvv_opu_int8,yolov8_nano,rvv_opu,int8,firesim,op_kind_median_max_cycles,6215779.0,0,3,cycles
B-bedrock,yolov8n_rvv_opu_int8,yolov8_nano,rvv_opu,int8,firesim,beam_n_candidates_total,43,4.58258,3,count
B-bedrock,yolov8n_rvv_opu_int8,yolov8_nano,rvv_opu,int8,firesim,beam_n_candidates_viable,24,3.60555,3,count
B-bedrock,yolov8n_rvv_opu_int8,yolov8_nano,rvv_opu,int8,firesim,beam_n_candidates_build_fail,13.666666666666666,1.1547,3,count
B-bedrock,yolov8n_rvv_opu_int8,yolov8_nano,rvv_opu,int8,firesim,beam_n_candidates_verify_fail,1.3333333333333333,0.57735,3,count
B-bedrock,yolov8n_rvv_opu_int8,yolov8_nano,rvv_opu,int8,firesim,beam_n_candidates_duplicate,4,1,3,count
B-bedrock,yolov8n_rvv_opu_int8,yolov8_nano,rvv_opu,int8,firesim,beam_tokens_per_candidate_mean,19934.479777167275,62.1891,3,tokens
B-bedrock,yolov8n_rvv_opu_int8,yolov8_nano,rvv_opu,int8,firesim,beam_best_improvement_pct,53.07470085214033,41.7741,3,percent
B-bedrock,yolov8n_rvv_opu_int8,yolov8_nano,rvv_opu,int8,firesim,beam_iter_to_best,1.6666666666666667,0.57735,3,iteration
B-bedrock,yolov8n_rvv_opu_int8,yolov8_nano,rvv_opu,int8,firesim,tokens_input_cached,0,0,3,tokens
B-bedrock,yolov8n_rvv_opu_int8,yolov8_nano,rvv_opu,int8,firesim,tokens_input_uncached,822859.3333333334,55929.4,3,tokens
B-bedrock,yolov8n_rvv_opu_int8,yolov8_nano,rvv_opu,int8,firesim,tokens_output,69681.33333333333,8123.36,3,tokens
B-bedrock,yolov8n_rvv_opu_int8,yolov8_nano,rvv_opu,int8,firesim,dollars_equivalent,3.513798,0.278314,3,USD
B-bedrock,yolov8n_gemmini_int8,yolov8_nano,gemmini,int8,firesim,passes_fired_total,0,0,3,count
B-bedrock,yolov8n_gemmini_int8,yolov8_nano,gemmini,int8,firesim,linear_relu_fuse_fired,0,0,3,count
B-bedrock,yolov8n_gemmini_int8,yolov8_nano,gemmini,int8,firesim,conv2d_relu_fuse_fired,0,0,3,count
B-bedrock,yolov8n_gemmini_int8,yolov8_nano,gemmini,int8,firesim,ir_op_count,212,0,3,count
B-bedrock,yolov8n_gemmini_int8,yolov8_nano,gemmini,int8,firesim,n_input_nodes,230,0,3,count
B-bedrock,yolov8n_gemmini_int8,yolov8_nano,gemmini,int8,firesim,lowering_ratio,0.9217391304347826,0,3,fraction
B-bedrock,yolov8n_gemmini_int8,yolov8_nano,gemmini,int8,firesim,cycles_spike,249702937.33333334,3.12141e+07,3,cycles
B-bedrock,yolov8n_gemmini_int8,yolov8_nano,gemmini,int8,firesim,wall_cycles_spike,2497733.3333333335,312228,3,cycles
B-bedrock,yolov8n_gemmini_int8,yolov8_nano,gemmini,int8,firesim,accuracy_linf,0.0,0,3,dimensionless
B-bedrock,yolov8n_gemmini_int8,yolov8_nano,gemmini,int8,firesim,verify_pass,True,,3,bool
B-bedrock,yolov8n_gemmini_int8,yolov8_nano,gemmini,int8,firesim,bit_exact,True,,3,bool
B-bedrock,yolov8n_gemmini_int8,yolov8_nano,gemmini,int8,firesim,zephyr_elf_bytes,4237024,13407.2,3,bytes
B-bedrock,yolov8n_gemmini_int8,yolov8_nano,gemmini,int8,firesim,kernels_c_bytes,36712.666666666664,11351.2,3,bytes
B-bedrock,yolov8n_gemmini_int8,yolov8_nano,gemmini,int8,firesim,kernels_c_loc,752.3333333333334,147.842,3,count
B-bedrock,yolov8n_gemmini_int8,yolov8_nano,gemmini,int8,firesim,weights_npz_bytes,3277160,0,3,bytes
B-bedrock,yolov8n_gemmini_int8,yolov8_nano,gemmini,int8,firesim,extract_s,0.0013333333333333333,0.00057735,3,s
B-bedrock,yolov8n_gemmini_int8,yolov8_nano,gemmini,int8,firesim,generate_skeleton_s,0.7133333333333334,0.0400791,3,s
B-bedrock,yolov8n_gemmini_int8,yolov8_nano,gemmini,int8,firesim,generate_kernels_s,1124.252,420.013,3,s
B-bedrock,yolov8n_gemmini_int8,yolov8_nano,gemmini,int8,firesim,build_s,9.200666666666667,0.266575,3,s
B-bedrock,yolov8n_gemmini_int8,yolov8_nano,gemmini,int8,firesim,run_s,3.796666666666667,0.0909414,3,s
B-bedrock,yolov8n_gemmini_int8,yolov8_nano,gemmini,int8,firesim,total_stage_s,1137.964,419.973,3,s
B-bedrock,yolov8n_gemmini_int8,yolov8_nano,gemmini,int8,firesim,n_kernels_curated,0,0,3,count
B-bedrock,yolov8n_gemmini_int8,yolov8_nano,gemmini,int8,firesim,n_kernels_reference,3,0,3,count
B-bedrock,yolov8n_gemmini_int8,yolov8_nano,gemmini,int8,firesim,n_kernels_cached,0,0,3,count
B-bedrock,yolov8n_gemmini_int8,yolov8_nano,gemmini,int8,firesim,n_kernels_llm,6,0,3,count
B-bedrock,yolov8n_gemmini_int8,yolov8_nano,gemmini,int8,firesim,n_kernels_total,9,0,3,count
B-bedrock,yolov8n_gemmini_int8,yolov8_nano,gemmini,int8,firesim,algorithms_distinct_count,2,0,3,count
B-bedrock,yolov8n_gemmini_int8,yolov8_nano,gemmini,int8,firesim,compile_wall_clock_s,1138.0173333333335,419.967,3,s
B-bedrock,yolov8n_gemmini_int8,yolov8_nano,gemmini,int8,firesim,compile_peak_rss_mb,124.23333333333333,0.057735,3,MB
B-bedrock,yolov8n_gemmini_int8,yolov8_nano,gemmini,int8,firesim,n_ops_profiled,204,0,3,count
B-bedrock,yolov8n_gemmini_int8,yolov8_nano,gemmini,int8,firesim,dominant_op_share,0.39771514443271855,0.0501321,3,fraction
B-bedrock,yolov8n_gemmini_int8,yolov8_nano,gemmini,int8,firesim,mean_cycles_per_dispatch,1224034.0065359478,153010,3,cycles
B-bedrock,yolov8n_gemmini_int8,yolov8_nano,gemmini,int8,firesim,stddev_cycles_per_dispatch,1421587.127343681,83412.9,3,cycles
B-bedrock,yolov8n_gemmini_int8,yolov8_nano,gemmini,int8,firesim,op_kind_p95_max_cycles,5692995.199999999,0,3,cycles
B-bedrock,yolov8n_gemmini_int8,yolov8_nano,gemmini,int8,firesim,op_kind_median_max_cycles,1190220.6666666667,408.187,3,cycles
B-bedrock,yolov8n_gemmini_int8,yolov8_nano,gemmini,int8,firesim,beam_n_candidates_total,39,13.0767,3,count
B-bedrock,yolov8n_gemmini_int8,yolov8_nano,gemmini,int8,firesim,beam_n_candidates_viable,26.333333333333332,6.4291,3,count
B-bedrock,yolov8n_gemmini_int8,yolov8_nano,gemmini,int8,firesim,beam_n_candidates_build_fail,0,0,3,count
B-bedrock,yolov8n_gemmini_int8,yolov8_nano,gemmini,int8,firesim,beam_n_candidates_verify_fail,0,0,3,count
B-bedrock,yolov8n_gemmini_int8,yolov8_nano,gemmini,int8,firesim,beam_n_candidates_duplicate,12.666666666666666,6.65833,3,count
B-bedrock,yolov8n_gemmini_int8,yolov8_nano,gemmini,int8,firesim,beam_tokens_per_candidate_mean,7462.637037037038,1576.65,3,tokens
B-bedrock,yolov8n_gemmini_int8,yolov8_nano,gemmini,int8,firesim,beam_best_improvement_pct,56.16586866698727,19.6875,3,percent
B-bedrock,yolov8n_gemmini_int8,yolov8_nano,gemmini,int8,firesim,beam_iter_to_best,1.6666666666666667,0.57735,3,iteration
B-bedrock,yolov8n_gemmini_int8,yolov8_nano,gemmini,int8,firesim,tokens_input_cached,0,0,3,tokens
B-bedrock,yolov8n_gemmini_int8,yolov8_nano,gemmini,int8,firesim,tokens_input_uncached,223999,89624.7,3,tokens
B-bedrock,yolov8n_gemmini_int8,yolov8_nano,gemmini,int8,firesim,tokens_output,87065.33333333333,46301.8,3,tokens
B-bedrock,yolov8n_gemmini_int8,yolov8_nano,gemmini,int8,firesim,dollars_equivalent,1.977977,0.963347,3,USD
