backend,target,network,dispatch_id,op,name,shape,cycles,ops,bytes,arithmetic_intensity,measured_gops,sol_gops_compute,sol_gops_bandwidth,sol_gops,sol_util,roof
RVV,firesim_rocket_saturn,vint,0,cast_i8_to_f16,obs_img__cast_f16,n=97920,40054,0,0,0.0000,0.0000,0.0000,0.0000,0.0000,0.0000,n/a
RVV,firesim_rocket_saturn,vint,1,slice_c_f16,slice_2,N=1;IC=18;C_start=15;C_end=18;H=64;W=85,195942,0,0,0.0000,0.0000,0.0000,0.0000,0.0000,0.0000,n/a
RVV,firesim_rocket_saturn,vint,2,cast_i8_to_f16,goal_img__cast_f16,n=16320,6647,0,0,0.0000,0.0000,0.0000,0.0000,0.0000,0.0000,n/a
RVV,firesim_rocket_saturn,vint,3,cat2_c1_f16,cat,N=1;H=64;W=85;C_total=6;C_inputs=3|3,391751,0,130560,0.0000,0.0000,0.0000,0.0000,0.0000,0.0000,n/a
RVV,firesim_rocket_saturn,vint,4,pad_f16,pad,N=1;C=6;IH=64;IW=85;pad_left=0;pad_right=1;pad_top=0;pad_bottom=1,670529,0,0,0.0000,0.0000,0.0000,0.0000,0.0000,0.0000,n/a
RVV,firesim_rocket_saturn,vint,5,conv2d_f16,conv2d,N=1;IC=6;IH=65;IW=86;OC=32;KH=3;KW=3;SH=2;SW=2;PH=0;PW=0;DH=1;DW=1;groups=1,1262179,0,70600,0.0000,0.0000,0.0000,0.0000,0.0000,0.0000,n/a
RVV,firesim_rocket_saturn,vint,6,batchnorm2d_f16,batch_norm,N=1;C=32;H=32;W=42,438760,0,0,0.0000,0.0000,0.0000,0.0000,0.0000,0.0000,n/a
RVV,firesim_rocket_saturn,vint,7,sigmoid_f16,mul__sigmoid,n=43008,3461132,0,0,0.0000,0.0000,0.0000,0.0000,0.0000,0.0000,n/a
RVV,firesim_rocket_saturn,vint,8,mul_f16,mul,n=43008,473103,0,0,0.0000,0.0000,0.0000,0.0000,0.0000,0.0000,n/a
RVV,firesim_rocket_saturn,vint,9,depthwise_conv2d_f16,conv2d_1,N=1;IC=1;IH=32;IW=42;OC=32;KH=3;KW=3;SH=1;SW=1;PH=1;PW=1;DH=1;DW=1;groups=32,521216,0,0,0.0000,0.0000,0.0000,0.0000,0.0000,0.0000,n/a
RVV,firesim_rocket_saturn,vint,10,batchnorm2d_f16,batch_norm_1,N=1;C=32;H=32;W=42,438760,0,0,0.0000,0.0000,0.0000,0.0000,0.0000,0.0000,n/a
RVV,firesim_rocket_saturn,vint,11,sigmoid_f16,mul_1__sigmoid,n=43008,3476015,0,0,0.0000,0.0000,0.0000,0.0000,0.0000,0.0000,n/a
RVV,firesim_rocket_saturn,vint,12,mul_f16,mul_1,n=43008,473103,0,0,0.0000,0.0000,0.0000,0.0000,0.0000,0.0000,n/a
RVV,firesim_rocket_saturn,vint,13,adaptive_avg_pool2d_f16,adaptive_avg_pool2d,N=1;C=32;IH=32;IW=42;OH=1;OW=1,443114,0,0,0.0000,0.0000,0.0000,0.0000,0.0000,0.0000,n/a
RVV,firesim_rocket_saturn,vint,14,conv2d_f16,conv2d_2,N=1;IC=32;IH=1;IW=1;OC=8;KH=1;KW=1;SH=1;SW=1;PH=0;PW=0;DH=1;DW=1;groups=1,623,0,592,0.0000,0.0000,0.0000,0.0000,0.0000,0.0000,n/a
RVV,firesim_rocket_saturn,vint,15,sigmoid_f16,mul_2__sigmoid,n=8,690,0,0,0.0000,0.0000,0.0000,0.0000,0.0000,0.0000,n/a
RVV,firesim_rocket_saturn,vint,16,mul_f16,mul_2,n=8,102,0,0,0.0000,0.0000,0.0000,0.0000,0.0000,0.0000,n/a
RVV,firesim_rocket_saturn,vint,17,conv2d_f16,conv2d_3,N=1;IC=8;IH=1;IW=1;OC=32;KH=1;KW=1;SH=1;SW=1;PH=0;PW=0;DH=1;DW=1;groups=1,533,0,592,0.0000,0.0000,0.0000,0.0000,0.0000,0.0000,n/a
RVV,firesim_rocket_saturn,vint,18,sigmoid_f16,sigmoid_3,n=32,2375,0,0,0.0000,0.0000,0.0000,0.0000,0.0000,0.0000,n/a
RVV,firesim_rocket_saturn,vint,19,mul_c1_f16,mul_3,N=1;C=32;HW=1344,387418,0,0,0.0000,0.0000,0.0000,0.0000,0.0000,0.0000,n/a
RVV,firesim_rocket_saturn,vint,20,conv2d_f16,conv2d_4,N=1;IC=32;IH=32;IW=42;OC=16;KH=1;KW=1;SH=1;SW=1;PH=0;PW=0;DH=1;DW=1;groups=1,327809,0,87072,0.0000,0.0000,0.0000,0.0000,0.0000,0.0000,n/a
RVV,firesim_rocket_saturn,vint,21,batchnorm2d_f16,batch_norm_2,N=1;C=16;H=32;W=42,219400,0,0,0.0000,0.0000,0.0000,0.0000,0.0000,0.0000,n/a
RVV,firesim_rocket_saturn,vint,22,conv2d_f16,conv2d_5,N=1;IC=16;IH=32;IW=42;OC=96;KH=1;KW=1;SH=1;SW=1;PH=0;PW=0;DH=1;DW=1;groups=1,1086817,0,46272,0.0000,0.0000,0.0000,0.0000,0.0000,0.0000,n/a
RVV,firesim_rocket_saturn,vint,23,batchnorm2d_f16,batch_norm_3,N=1;C=96;H=32;W=42,1316200,0,0,0.0000,0.0000,0.0000,0.0000,0.0000,0.0000,n/a
RVV,firesim_rocket_saturn,vint,24,sigmoid_f16,mul_4__sigmoid,n=129024,10630050,0,0,0.0000,0.0000,0.0000,0.0000,0.0000,0.0000,n/a
RVV,firesim_rocket_saturn,vint,25,mul_f16,mul_4,n=129024,1419279,0,0,0.0000,0.0000,0.0000,0.0000,0.0000,0.0000,n/a
RVV,firesim_rocket_saturn,vint,26,pad_f16,pad_2,N=1;C=96;IH=32;IW=42;pad_left=0;pad_right=1;pad_top=0;pad_bottom=1,2723075,0,0,0.0000,0.0000,0.0000,0.0000,0.0000,0.0000,n/a
RVV,firesim_rocket_saturn,vint,27,depthwise_conv2d_f16,conv2d_6,N=1;IC=1;IH=33;IW=43;OC=96;KH=3;KW=3;SH=2;SW=2;PH=0;PW=0;DH=1;DW=1;groups=96,391010,0,0,0.0000,0.0000,0.0000,0.0000,0.0000,0.0000,n/a
RVV,firesim_rocket_saturn,vint,28,batchnorm2d_f16,batch_norm_4,N=1;C=96;H=16;W=21,336232,0,0,0.0000,0.0000,0.0000,0.0000,0.0000,0.0000,n/a
RVV,firesim_rocket_saturn,vint,29,sigmoid_f16,mul_5__sigmoid,n=32256,2598972,0,0,0.0000,0.0000,0.0000,0.0000,0.0000,0.0000,n/a
RVV,firesim_rocket_saturn,vint,30,mul_f16,mul_5,n=32256,354831,0,0,0.0000,0.0000,0.0000,0.0000,0.0000,0.0000,n/a
RVV,firesim_rocket_saturn,vint,31,adaptive_avg_pool2d_f16,adaptive_avg_pool2d_1,N=1;C=96;IH=16;IW=21;OH=1;OW=1,344618,0,0,0.0000,0.0000,0.0000,0.0000,0.0000,0.0000,n/a
RVV,firesim_rocket_saturn,vint,32,conv2d_f16,conv2d_7,N=1;IC=96;IH=1;IW=1;OC=4;KH=1;KW=1;SH=1;SW=1;PH=0;PW=0;DH=1;DW=1;groups=1,1263,0,968,0.0000,0.0000,0.0000,0.0000,0.0000,0.0000,n/a
RVV,firesim_rocket_saturn,vint,33,sigmoid_f16,mul_6__sigmoid,n=4,402,0,0,0.0000,0.0000,0.0000,0.0000,0.0000,0.0000,n/a
RVV,firesim_rocket_saturn,vint,34,mul_f16,mul_6,n=4,58,0,0,0.0000,0.0000,0.0000,0.0000,0.0000,0.0000,n/a
RVV,firesim_rocket_saturn,vint,35,conv2d_f16,conv2d_8,N=1;IC=4;IH=1;IW=1;OC=96;KH=1;KW=1;SH=1;SW=1;PH=0;PW=0;DH=1;DW=1;groups=1,893,0,968,0.0000,0.0000,0.0000,0.0000,0.0000,0.0000,n/a
RVV,firesim_rocket_saturn,vint,36,sigmoid_f16,sigmoid_7,n=96,7451,0,0,0.0000,0.0000,0.0000,0.0000,0.0000,0.0000,n/a
RVV,firesim_rocket_saturn,vint,37,mul_c1_f16,mul_7,N=1;C=96;HW=336,291290,0,0,0.0000,0.0000,0.0000,0.0000,0.0000,0.0000,n/a
RVV,firesim_rocket_saturn,vint,38,conv2d_f16,conv2d_9,N=1;IC=96;IH=16;IW=21;OC=24;KH=1;KW=1;SH=1;SW=1;PH=0;PW=0;DH=1;DW=1;groups=1,452385,0,69168,0.0000,0.0000,0.0000,0.0000,0.0000,0.0000,n/a
RVV,firesim_rocket_saturn,vint,39,batchnorm2d_f16,batch_norm_5,N=1;C=24;H=16;W=21,84088,0,0,0.0000,0.0000,0.0000,0.0000,0.0000,0.0000,n/a
RVV,firesim_rocket_saturn,vint,40,conv2d_f16,conv2d_10,N=1;IC=24;IH=16;IW=21;OC=144;KH=1;KW=1;SH=1;SW=1;PH=0;PW=0;DH=1;DW=1;groups=1,577153,0,23328,0.0000,0.0000,0.0000,0.0000,0.0000,0.0000,n/a
RVV,firesim_rocket_saturn,vint,41,batchnorm2d_f16,batch_norm_6,N=1;C=144;H=16;W=21,504328,0,0,0.0000,0.0000,0.0000,0.0000,0.0000,0.0000,n/a
RVV,firesim_rocket_saturn,vint,42,sigmoid_f16,mul_8__sigmoid,n=48384,3991433,0,0,0.0000,0.0000,0.0000,0.0000,0.0000,0.0000,n/a
RVV,firesim_rocket_saturn,vint,43,mul_f16,mul_8,n=48384,532239,0,0,0.0000,0.0000,0.0000,0.0000,0.0000,0.0000,n/a
RVV,firesim_rocket_saturn,vint,44,depthwise_conv2d_f16,conv2d_11,N=1;IC=1;IH=16;IW=21;OC=144;KH=3;KW=3;SH=1;SW=1;PH=1;PW=1;DH=1;DW=1;groups=144,562036,0,0,0.0000,0.0000,0.0000,0.0000,0.0000,0.0000,n/a
RVV,firesim_rocket_saturn,vint,45,batchnorm2d_f16,batch_norm_7,N=1;C=144;H=16;W=21,504328,0,0,0.0000,0.0000,0.0000,0.0000,0.0000,0.0000,n/a
RVV,firesim_rocket_saturn,vint,46,sigmoid_f16,mul_9__sigmoid,n=48384,3879569,0,0,0.0000,0.0000,0.0000,0.0000,0.0000,0.0000,n/a
RVV,firesim_rocket_saturn,vint,47,mul_f16,mul_9,n=48384,532239,0,0,0.0000,0.0000,0.0000,0.0000,0.0000,0.0000,n/a
RVV,firesim_rocket_saturn,vint,48,adaptive_avg_pool2d_f16,adaptive_avg_pool2d_2,N=1;C=144;IH=16;IW=21;OH=1;OW=1,516890,0,0,0.0000,0.0000,0.0000,0.0000,0.0000,0.0000,n/a
RVV,firesim_rocket_saturn,vint,49,conv2d_f16,conv2d_12,N=1;IC=144;IH=1;IW=1;OC=6;KH=1;KW=1;SH=1;SW=1;PH=0;PW=0;DH=1;DW=1;groups=1,1743,0,2028,0.0000,0.0000,0.0000,0.0000,0.0000,0.0000,n/a
RVV,firesim_rocket_saturn,vint,50,sigmoid_f16,mul_10__sigmoid,n=6,582,0,0,0.0000,0.0000,0.0000,0.0000,0.0000,0.0000,n/a
RVV,firesim_rocket_saturn,vint,51,mul_f16,mul_10,n=6,80,0,0,0.0000,0.0000,0.0000,0.0000,0.0000,0.0000,n/a
RVV,firesim_rocket_saturn,vint,52,conv2d_f16,conv2d_13,N=1;IC=6;IH=1;IW=1;OC=144;KH=1;KW=1;SH=1;SW=1;PH=0;PW=0;DH=1;DW=1;groups=1,1403,0,2028,0.0000,0.0000,0.0000,0.0000,0.0000,0.0000,n/a
RVV,firesim_rocket_saturn,vint,53,sigmoid_f16,sigmoid_11,n=144,11768,0,0,0.0000,0.0000,0.0000,0.0000,0.0000,0.0000,n/a
RVV,firesim_rocket_saturn,vint,54,mul_c1_f16,mul_11,N=1;C=144;HW=336,436922,0,0,0.0000,0.0000,0.0000,0.0000,0.0000,0.0000,n/a
RVV,firesim_rocket_saturn,vint,55,conv2d_f16,conv2d_14,N=1;IC=144;IH=16;IW=21;OC=24;KH=1;KW=1;SH=1;SW=1;PH=0;PW=0;DH=1;DW=1;groups=1,667425,0,103728,0.0000,0.0000,0.0000,0.0000,0.0000,0.0000,n/a
RVV,firesim_rocket_saturn,vint,56,batchnorm2d_f16,batch_norm_8,N=1;C=24;H=16;W=21,84088,0,0,0.0000,0.0000,0.0000,0.0000,0.0000,0.0000,n/a
RVV,firesim_rocket_saturn,vint,57,add_f16,add,n=8064,88719,0,0,0.0000,0.0000,0.0000,0.0000,0.0000,0.0000,n/a
RVV,firesim_rocket_saturn,vint,58,conv2d_f16,conv2d_15,N=1;IC=24;IH=16;IW=21;OC=144;KH=1;KW=1;SH=1;SW=1;PH=0;PW=0;DH=1;DW=1;groups=1,577153,0,23328,0.0000,0.0000,0.0000,0.0000,0.0000,0.0000,n/a
RVV,firesim_rocket_saturn,vint,59,batchnorm2d_f16,batch_norm_9,N=1;C=144;H=16;W=21,504328,0,0,0.0000,0.0000,0.0000,0.0000,0.0000,0.0000,n/a
RVV,firesim_rocket_saturn,vint,60,sigmoid_f16,mul_12__sigmoid,n=48384,3883069,0,0,0.0000,0.0000,0.0000,0.0000,0.0000,0.0000,n/a
RVV,firesim_rocket_saturn,vint,61,mul_f16,mul_12,n=48384,532239,0,0,0.0000,0.0000,0.0000,0.0000,0.0000,0.0000,n/a
RVV,firesim_rocket_saturn,vint,62,pad_f16,pad_4,N=1;C=144;IH=16;IW=21;pad_left=1;pad_right=2;pad_top=1;pad_bottom=2,1169945,0,0,0.0000,0.0000,0.0000,0.0000,0.0000,0.0000,n/a
RVV,firesim_rocket_saturn,vint,63,depthwise_conv2d_f16,conv2d_16,N=1;IC=1;IH=19;IW=24;OC=144;KH=5;KW=5;SH=2;SW=2;PH=0;PW=0;DH=1;DW=1;groups=144,312090,0,0,0.0000,0.0000,0.0000,0.0000,0.0000,0.0000,n/a
RVV,firesim_rocket_saturn,vint,64,batchnorm2d_f16,batch_norm_10,N=1;C=144;H=8;W=10,126472,0,0,0.0000,0.0000,0.0000,0.0000,0.0000,0.0000,n/a
RVV,firesim_rocket_saturn,vint,65,sigmoid_f16,mul_13__sigmoid,n=11520,923369,0,0,0.0000,0.0000,0.0000,0.0000,0.0000,0.0000,n/a
RVV,firesim_rocket_saturn,vint,66,mul_f16,mul_13,n=11520,126735,0,0,0.0000,0.0000,0.0000,0.0000,0.0000,0.0000,n/a
RVV,firesim_rocket_saturn,vint,67,adaptive_avg_pool2d_f16,adaptive_avg_pool2d_3,N=1;C=144;IH=8;IW=10;OH=1;OW=1,135578,0,0,0.0000,0.0000,0.0000,0.0000,0.0000,0.0000,n/a
RVV,firesim_rocket_saturn,vint,68,conv2d_f16,conv2d_17,N=1;IC=144;IH=1;IW=1;OC=6;KH=1;KW=1;SH=1;SW=1;PH=0;PW=0;DH=1;DW=1;groups=1,1743,0,2028,0.0000,0.0000,0.0000,0.0000,0.0000,0.0000,n/a
RVV,firesim_rocket_saturn,vint,69,sigmoid_f16,mul_14__sigmoid,n=6,534,0,0,0.0000,0.0000,0.0000,0.0000,0.0000,0.0000,n/a
RVV,firesim_rocket_saturn,vint,70,mul_f16,mul_14,n=6,80,0,0,0.0000,0.0000,0.0000,0.0000,0.0000,0.0000,n/a
RVV,firesim_rocket_saturn,vint,71,conv2d_f16,conv2d_18,N=1;IC=6;IH=1;IW=1;OC=144;KH=1;KW=1;SH=1;SW=1;PH=0;PW=0;DH=1;DW=1;groups=1,1403,0,2028,0.0000,0.0000,0.0000,0.0000,0.0000,0.0000,n/a
RVV,firesim_rocket_saturn,vint,72,sigmoid_f16,sigmoid_15,n=144,10739,0,0,0.0000,0.0000,0.0000,0.0000,0.0000,0.0000,n/a
RVV,firesim_rocket_saturn,vint,73,mul_c1_f16,mul_15,N=1;C=144;HW=80,105146,0,0,0.0000,0.0000,0.0000,0.0000,0.0000,0.0000,n/a
RVV,firesim_rocket_saturn,vint,74,conv2d_f16,conv2d_19,N=1;IC=144;IH=8;IW=10;OC=40;KH=1;KW=1;SH=1;SW=1;PH=0;PW=0;DH=1;DW=1;groups=1,243169,0,34640,0.0000,0.0000,0.0000,0.0000,0.0000,0.0000,n/a
RVV,firesim_rocket_saturn,vint,75,batchnorm2d_f16,batch_norm_11,N=1;C=40;H=8;W=10,35160,0,0,0.0000,0.0000,0.0000,0.0000,0.0000,0.0000,n/a
RVV,firesim_rocket_saturn,vint,76,conv2d_f16,conv2d_20,N=1;IC=40;IH=8;IW=10;OC=240;KH=1;KW=1;SH=1;SW=1;PH=0;PW=0;DH=1;DW=1;groups=1,364033,0,26080,0.0000,0.0000,0.0000,0.0000,0.0000,0.0000,n/a
RVV,firesim_rocket_saturn,vint,77,batchnorm2d_f16,batch_norm_12,N=1;C=240;H=8;W=10,210760,0,0,0.0000,0.0000,0.0000,0.0000,0.0000,0.0000,n/a
RVV,firesim_rocket_saturn,vint,78,sigmoid_f16,mul_16__sigmoid,n=19200,1581458,0,0,0.0000,0.0000,0.0000,0.0000,0.0000,0.0000,n/a
RVV,firesim_rocket_saturn,vint,79,mul_f16,mul_16,n=19200,211215,0,0,0.0000,0.0000,0.0000,0.0000,0.0000,0.0000,n/a
RVV,firesim_rocket_saturn,vint,80,depthwise_conv2d_f16,conv2d_21,N=1;IC=1;IH=8;IW=10;OC=240;KH=5;KW=5;SH=1;SW=1;PH=2;PW=2;DH=1;DW=1;groups=240,436470,0,0,0.0000,0.0000,0.0000,0.0000,0.0000,0.0000,n/a
RVV,firesim_rocket_saturn,vint,81,batchnorm2d_f16,batch_norm_13,N=1;C=240;H=8;W=10,210760,0,0,0.0000,0.0000,0.0000,0.0000,0.0000,0.0000,n/a
RVV,firesim_rocket_saturn,vint,82,sigmoid_f16,mul_17__sigmoid,n=19200,1538137,0,0,0.0000,0.0000,0.0000,0.0000,0.0000,0.0000,n/a
RVV,firesim_rocket_saturn,vint,83,mul_f16,mul_17,n=19200,211215,0,0,0.0000,0.0000,0.0000,0.0000,0.0000,0.0000,n/a
RVV,firesim_rocket_saturn,vint,84,adaptive_avg_pool2d_f16,adaptive_avg_pool2d_4,N=1;C=240;IH=8;IW=10;OH=1;OW=1,225914,0,0,0.0000,0.0000,0.0000,0.0000,0.0000,0.0000,n/a
RVV,firesim_rocket_saturn,vint,85,conv2d_f16,conv2d_22,N=1;IC=240;IH=1;IW=1;OC=10;KH=1;KW=1;SH=1;SW=1;PH=0;PW=0;DH=1;DW=1;groups=1,2703,0,5300,0.0000,0.0000,0.0000,0.0000,0.0000,0.0000,n/a
RVV,firesim_rocket_saturn,vint,86,sigmoid_f16,mul_18__sigmoid,n=10,900,0,0,0.0000,0.0000,0.0000,0.0000,0.0000,0.0000,n/a
RVV,firesim_rocket_saturn,vint,87,mul_f16,mul_18,n=10,124,0,0,0.0000,0.0000,0.0000,0.0000,0.0000,0.0000,n/a
RVV,firesim_rocket_saturn,vint,88,conv2d_f16,conv2d_23,N=1;IC=10;IH=1;IW=1;OC=240;KH=1;KW=1;SH=1;SW=1;PH=0;PW=0;DH=1;DW=1;groups=1,2783,0,5300,0.0000,0.0000,0.0000,0.0000,0.0000,0.0000,n/a
RVV,firesim_rocket_saturn,vint,89,sigmoid_f16,sigmoid_19,n=240,18391,0,0,0.0000,0.0000,0.0000,0.0000,0.0000,0.0000,n/a
RVV,firesim_rocket_saturn,vint,90,mul_c1_f16,mul_19,N=1;C=240;HW=80,175226,0,0,0.0000,0.0000,0.0000,0.0000,0.0000,0.0000,n/a
RVV,firesim_rocket_saturn,vint,91,conv2d_f16,conv2d_24,N=1;IC=240;IH=8;IW=10;OC=40;KH=1;KW=1;SH=1;SW=1;PH=0;PW=0;DH=1;DW=1;groups=1,399841,0,57680,0.0000,0.0000,0.0000,0.0000,0.0000,0.0000,n/a
RVV,firesim_rocket_saturn,vint,92,batchnorm2d_f16,batch_norm_14,N=1;C=40;H=8;W=10,35160,0,0,0.0000,0.0000,0.0000,0.0000,0.0000,0.0000,n/a
RVV,firesim_rocket_saturn,vint,93,add_f16,add_1,n=3200,35215,0,0,0.0000,0.0000,0.0000,0.0000,0.0000,0.0000,n/a
RVV,firesim_rocket_saturn,vint,94,conv2d_f16,conv2d_25,N=1;IC=40;IH=8;IW=10;OC=240;KH=1;KW=1;SH=1;SW=1;PH=0;PW=0;DH=1;DW=1;groups=1,364033,0,26080,0.0000,0.0000,0.0000,0.0000,0.0000,0.0000,n/a
RVV,firesim_rocket_saturn,vint,95,batchnorm2d_f16,batch_norm_15,N=1;C=240;H=8;W=10,210760,0,0,0.0000,0.0000,0.0000,0.0000,0.0000,0.0000,n/a
RVV,firesim_rocket_saturn,vint,96,sigmoid_f16,mul_20__sigmoid,n=19200,1579206,0,0,0.0000,0.0000,0.0000,0.0000,0.0000,0.0000,n/a
RVV,firesim_rocket_saturn,vint,97,mul_f16,mul_20,n=19200,211215,0,0,0.0000,0.0000,0.0000,0.0000,0.0000,0.0000,n/a
RVV,firesim_rocket_saturn,vint,98,pad_f16,pad_6,N=1;C=240;IH=8;IW=10;pad_left=0;pad_right=1;pad_top=0;pad_bottom=1,475289,0,0,0.0000,0.0000,0.0000,0.0000,0.0000,0.0000,n/a
RVV,firesim_rocket_saturn,vint,99,depthwise_conv2d_f16,conv2d_26,N=1;IC=1;IH=9;IW=11;OC=240;KH=3;KW=3;SH=2;SW=2;PH=0;PW=0;DH=1;DW=1;groups=240,57954,0,0,0.0000,0.0000,0.0000,0.0000,0.0000,0.0000,n/a
RVV,firesim_rocket_saturn,vint,100,batchnorm2d_f16,batch_norm_16,N=1;C=240;H=4;W=5,59080,0,0,0.0000,0.0000,0.0000,0.0000,0.0000,0.0000,n/a
RVV,firesim_rocket_saturn,vint,101,sigmoid_f16,mul_21__sigmoid,n=4800,386892,0,0,0.0000,0.0000,0.0000,0.0000,0.0000,0.0000,n/a
RVV,firesim_rocket_saturn,vint,102,mul_f16,mul_21,n=4800,52815,0,0,0.0000,0.0000,0.0000,0.0000,0.0000,0.0000,n/a
RVV,firesim_rocket_saturn,vint,103,adaptive_avg_pool2d_f16,adaptive_avg_pool2d_5,N=1;C=240;IH=4;IW=5;OH=1;OW=1,71354,0,0,0.0000,0.0000,0.0000,0.0000,0.0000,0.0000,n/a
RVV,firesim_rocket_saturn,vint,104,conv2d_f16,conv2d_27,N=1;IC=240;IH=1;IW=1;OC=10;KH=1;KW=1;SH=1;SW=1;PH=0;PW=0;DH=1;DW=1;groups=1,2703,0,5300,0.0000,0.0000,0.0000,0.0000,0.0000,0.0000,n/a
RVV,firesim_rocket_saturn,vint,105,sigmoid_f16,mul_22__sigmoid,n=10,925,0,0,0.0000,0.0000,0.0000,0.0000,0.0000,0.0000,n/a
RVV,firesim_rocket_saturn,vint,106,mul_f16,mul_22,n=10,124,0,0,0.0000,0.0000,0.0000,0.0000,0.0000,0.0000,n/a
RVV,firesim_rocket_saturn,vint,107,conv2d_f16,conv2d_28,N=1;IC=10;IH=1;IW=1;OC=240;KH=1;KW=1;SH=1;SW=1;PH=0;PW=0;DH=1;DW=1;groups=1,2783,0,5300,0.0000,0.0000,0.0000,0.0000,0.0000,0.0000,n/a
RVV,firesim_rocket_saturn,vint,108,sigmoid_f16,sigmoid_23,n=240,18851,0,0,0.0000,0.0000,0.0000,0.0000,0.0000,0.0000,n/a
RVV,firesim_rocket_saturn,vint,109,mul_c1_f16,mul_23,N=1;C=240;HW=20,45626,0,0,0.0000,0.0000,0.0000,0.0000,0.0000,0.0000,n/a
RVV,firesim_rocket_saturn,vint,110,conv2d_f16,conv2d_29,N=1;IC=240;IH=4;IW=5;OC=80;KH=1;KW=1;SH=1;SW=1;PH=0;PW=0;DH=1;DW=1;groups=1,177107,0,48160,0.0000,0.0000,0.0000,0.0000,0.0000,0.0000,n/a
RVV,firesim_rocket_saturn,vint,111,batchnorm2d_f16,batch_norm_17,N=1;C=80;H=4;W=5,19720,0,0,0.0000,0.0000,0.0000,0.0000,0.0000,0.0000,n/a
RVV,firesim_rocket_saturn,vint,112,conv2d_f16,conv2d_30,N=1;IC=80;IH=4;IW=5;OC=480;KH=1;KW=1;SH=1;SW=1;PH=0;PW=0;DH=1;DW=1;groups=1,368625,0,80960,0.0000,0.0000,0.0000,0.0000,0.0000,0.0000,n/a
RVV,firesim_rocket_saturn,vint,113,batchnorm2d_f16,batch_norm_18,N=1;C=480;H=4;W=5,118120,0,0,0.0000,0.0000,0.0000,0.0000,0.0000,0.0000,n/a
RVV,firesim_rocket_saturn,vint,114,sigmoid_f16,mul_24__sigmoid,n=9600,804390,0,0,0.0000,0.0000,0.0000,0.0000,0.0000,0.0000,n/a
RVV,firesim_rocket_saturn,vint,115,mul_f16,mul_24,n=9600,105615,0,0,0.0000,0.0000,0.0000,0.0000,0.0000,0.0000,n/a
RVV,firesim_rocket_saturn,vint,116,depthwise_conv2d_f16,conv2d_31,N=1;IC=1;IH=4;IW=5;OC=480;KH=3;KW=3;SH=1;SW=1;PH=1;PW=1;DH=1;DW=1;groups=480,98003,0,0,0.0000,0.0000,0.0000,0.0000,0.0000,0.0000,n/a
RVV,firesim_rocket_saturn,vint,117,batchnorm2d_f16,batch_norm_19,N=1;C=480;H=4;W=5,118120,0,0,0.0000,0.0000,0.0000,0.0000,0.0000,0.0000,n/a
RVV,firesim_rocket_saturn,vint,118,sigmoid_f16,mul_25__sigmoid,n=9600,776030,0,0,0.0000,0.0000,0.0000,0.0000,0.0000,0.0000,n/a
RVV,firesim_rocket_saturn,vint,119,mul_f16,mul_25,n=9600,105615,0,0,0.0000,0.0000,0.0000,0.0000,0.0000,0.0000,n/a
RVV,firesim_rocket_saturn,vint,120,adaptive_avg_pool2d_f16,adaptive_avg_pool2d_6,N=1;C=480;IH=4;IW=5;OH=1;OW=1,142634,0,0,0.0000,0.0000,0.0000,0.0000,0.0000,0.0000,n/a
RVV,firesim_rocket_saturn,vint,121,conv2d_f16,conv2d_32,N=1;IC=480;IH=1;IW=1;OC=20;KH=1;KW=1;SH=1;SW=1;PH=0;PW=0;DH=1;DW=1;groups=1,10054,0,20200,0.0000,0.0000,0.0000,0.0000,0.0000,0.0000,n/a
RVV,firesim_rocket_saturn,vint,122,sigmoid_f16,mul_26__sigmoid,n=20,1840,0,0,0.0000,0.0000,0.0000,0.0000,0.0000,0.0000,n/a
RVV,firesim_rocket_saturn,vint,123,mul_f16,mul_26,n=20,234,0,0,0.0000,0.0000,0.0000,0.0000,0.0000,0.0000,n/a
RVV,firesim_rocket_saturn,vint,124,conv2d_f16,conv2d_33,N=1;IC=20;IH=1;IW=1;OC=480;KH=1;KW=1;SH=1;SW=1;PH=0;PW=0;DH=1;DW=1;groups=1,8333,0,20200,0.0000,0.0000,0.0000,0.0000,0.0000,0.0000,n/a
RVV,firesim_rocket_saturn,vint,125,sigmoid_f16,sigmoid_27,n=480,43052,0,0,0.0000,0.0000,0.0000,0.0000,0.0000,0.0000,n/a
RVV,firesim_rocket_saturn,vint,126,mul_c1_f16,mul_27,N=1;C=480;HW=20,91226,0,0,0.0000,0.0000,0.0000,0.0000,0.0000,0.0000,n/a
RVV,firesim_rocket_saturn,vint,127,conv2d_f16,conv2d_34,N=1;IC=480;IH=4;IW=5;OC=80;KH=1;KW=1;SH=1;SW=1;PH=0;PW=0;DH=1;DW=1;groups=1,350684,0,96160,0.0000,0.0000,0.0000,0.0000,0.0000,0.0000,n/a
RVV,firesim_rocket_saturn,vint,128,batchnorm2d_f16,batch_norm_20,N=1;C=80;H=4;W=5,19720,0,0,0.0000,0.0000,0.0000,0.0000,0.0000,0.0000,n/a
RVV,firesim_rocket_saturn,vint,129,add_f16,add_2,n=1600,17614,0,0,0.0000,0.0000,0.0000,0.0000,0.0000,0.0000,n/a
RVV,firesim_rocket_saturn,vint,130,conv2d_f16,conv2d_35,N=1;IC=80;IH=4;IW=5;OC=480;KH=1;KW=1;SH=1;SW=1;PH=0;PW=0;DH=1;DW=1;groups=1,368625,0,80960,0.0000,0.0000,0.0000,0.0000,0.0000,0.0000,n/a
RVV,firesim_rocket_saturn,vint,131,batchnorm2d_f16,batch_norm_21,N=1;C=480;H=4;W=5,118930,0,0,0.0000,0.0000,0.0000,0.0000,0.0000,0.0000,n/a
RVV,firesim_rocket_saturn,vint,132,sigmoid_f16,mul_28__sigmoid,n=9600,810687,0,0,0.0000,0.0000,0.0000,0.0000,0.0000,0.0000,n/a
RVV,firesim_rocket_saturn,vint,133,mul_f16,mul_28,n=9600,105615,0,0,0.0000,0.0000,0.0000,0.0000,0.0000,0.0000,n/a
RVV,firesim_rocket_saturn,vint,134,depthwise_conv2d_f16,conv2d_36,N=1;IC=1;IH=4;IW=5;OC=480;KH=3;KW=3;SH=1;SW=1;PH=1;PW=1;DH=1;DW=1;groups=480,98003,0,0,0.0000,0.0000,0.0000,0.0000,0.0000,0.0000,n/a
RVV,firesim_rocket_saturn,vint,135,batchnorm2d_f16,batch_norm_22,N=1;C=480;H=4;W=5,118120,0,0,0.0000,0.0000,0.0000,0.0000,0.0000,0.0000,n/a
RVV,firesim_rocket_saturn,vint,136,sigmoid_f16,mul_29__sigmoid,n=9600,774147,0,0,0.0000,0.0000,0.0000,0.0000,0.0000,0.0000,n/a
RVV,firesim_rocket_saturn,vint,137,mul_f16,mul_29,n=9600,105615,0,0,0.0000,0.0000,0.0000,0.0000,0.0000,0.0000,n/a
RVV,firesim_rocket_saturn,vint,138,adaptive_avg_pool2d_f16,adaptive_avg_pool2d_7,N=1;C=480;IH=4;IW=5;OH=1;OW=1,142634,0,0,0.0000,0.0000,0.0000,0.0000,0.0000,0.0000,n/a
RVV,firesim_rocket_saturn,vint,139,conv2d_f16,conv2d_37,N=1;IC=480;IH=1;IW=1;OC=20;KH=1;KW=1;SH=1;SW=1;PH=0;PW=0;DH=1;DW=1;groups=1,10054,0,20200,0.0000,0.0000,0.0000,0.0000,0.0000,0.0000,n/a
RVV,firesim_rocket_saturn,vint,140,sigmoid_f16,mul_30__sigmoid,n=20,1876,0,0,0.0000,0.0000,0.0000,0.0000,0.0000,0.0000,n/a
RVV,firesim_rocket_saturn,vint,141,mul_f16,mul_30,n=20,234,0,0,0.0000,0.0000,0.0000,0.0000,0.0000,0.0000,n/a
RVV,firesim_rocket_saturn,vint,142,conv2d_f16,conv2d_38,N=1;IC=20;IH=1;IW=1;OC=480;KH=1;KW=1;SH=1;SW=1;PH=0;PW=0;DH=1;DW=1;groups=1,8333,0,20200,0.0000,0.0000,0.0000,0.0000,0.0000,0.0000,n/a
RVV,firesim_rocket_saturn,vint,143,sigmoid_f16,sigmoid_31,n=480,41503,0,0,0.0000,0.0000,0.0000,0.0000,0.0000,0.0000,n/a
RVV,firesim_rocket_saturn,vint,144,mul_c1_f16,mul_31,N=1;C=480;HW=20,91226,0,0,0.0000,0.0000,0.0000,0.0000,0.0000,0.0000,n/a
RVV,firesim_rocket_saturn,vint,145,conv2d_f16,conv2d_39,N=1;IC=480;IH=4;IW=5;OC=80;KH=1;KW=1;SH=1;SW=1;PH=0;PW=0;DH=1;DW=1;groups=1,350684,0,96160,0.0000,0.0000,0.0000,0.0000,0.0000,0.0000,n/a
RVV,firesim_rocket_saturn,vint,146,batchnorm2d_f16,batch_norm_23,N=1;C=80;H=4;W=5,19720,0,0,0.0000,0.0000,0.0000,0.0000,0.0000,0.0000,n/a
RVV,firesim_rocket_saturn,vint,147,add_f16,add_3,n=1600,17614,0,0,0.0000,0.0000,0.0000,0.0000,0.0000,0.0000,n/a
RVV,firesim_rocket_saturn,vint,148,conv2d_f16,conv2d_40,N=1;IC=80;IH=4;IW=5;OC=480;KH=1;KW=1;SH=1;SW=1;PH=0;PW=0;DH=1;DW=1;groups=1,368625,0,80960,0.0000,0.0000,0.0000,0.0000,0.0000,0.0000,n/a
RVV,firesim_rocket_saturn,vint,149,batchnorm2d_f16,batch_norm_24,N=1;C=480;H=4;W=5,118120,0,0,0.0000,0.0000,0.0000,0.0000,0.0000,0.0000,n/a
RVV,firesim_rocket_saturn,vint,150,sigmoid_f16,mul_32__sigmoid,n=9600,808127,0,0,0.0000,0.0000,0.0000,0.0000,0.0000,0.0000,n/a
RVV,firesim_rocket_saturn,vint,151,mul_f16,mul_32,n=9600,105615,0,0,0.0000,0.0000,0.0000,0.0000,0.0000,0.0000,n/a
RVV,firesim_rocket_saturn,vint,152,depthwise_conv2d_f16,conv2d_41,N=1;IC=1;IH=4;IW=5;OC=480;KH=5;KW=5;SH=1;SW=1;PH=2;PW=2;DH=1;DW=1;groups=480,179543,0,0,0.0000,0.0000,0.0000,0.0000,0.0000,0.0000,n/a
RVV,firesim_rocket_saturn,vint,153,batchnorm2d_f16,batch_norm_25,N=1;C=480;H=4;W=5,118120,0,0,0.0000,0.0000,0.0000,0.0000,0.0000,0.0000,n/a
RVV,firesim_rocket_saturn,vint,154,sigmoid_f16,mul_33__sigmoid,n=9600,774863,0,0,0.0000,0.0000,0.0000,0.0000,0.0000,0.0000,n/a
RVV,firesim_rocket_saturn,vint,155,mul_f16,mul_33,n=9600,105615,0,0,0.0000,0.0000,0.0000,0.0000,0.0000,0.0000,n/a
RVV,firesim_rocket_saturn,vint,156,adaptive_avg_pool2d_f16,adaptive_avg_pool2d_8,N=1;C=480;IH=4;IW=5;OH=1;OW=1,142634,0,0,0.0000,0.0000,0.0000,0.0000,0.0000,0.0000,n/a
RVV,firesim_rocket_saturn,vint,157,conv2d_f16,conv2d_42,N=1;IC=480;IH=1;IW=1;OC=20;KH=1;KW=1;SH=1;SW=1;PH=0;PW=0;DH=1;DW=1;groups=1,10054,0,20200,0.0000,0.0000,0.0000,0.0000,0.0000,0.0000,n/a
RVV,firesim_rocket_saturn,vint,158,sigmoid_f16,mul_34__sigmoid,n=20,1804,0,0,0.0000,0.0000,0.0000,0.0000,0.0000,0.0000,n/a
RVV,firesim_rocket_saturn,vint,159,mul_f16,mul_34,n=20,234,0,0,0.0000,0.0000,0.0000,0.0000,0.0000,0.0000,n/a
RVV,firesim_rocket_saturn,vint,160,conv2d_f16,conv2d_43,N=1;IC=20;IH=1;IW=1;OC=480;KH=1;KW=1;SH=1;SW=1;PH=0;PW=0;DH=1;DW=1;groups=1,8333,0,20200,0.0000,0.0000,0.0000,0.0000,0.0000,0.0000,n/a
RVV,firesim_rocket_saturn,vint,161,sigmoid_f16,sigmoid_35,n=480,39052,0,0,0.0000,0.0000,0.0000,0.0000,0.0000,0.0000,n/a
RVV,firesim_rocket_saturn,vint,162,mul_c1_f16,mul_35,N=1;C=480;HW=20,91226,0,0,0.0000,0.0000,0.0000,0.0000,0.0000,0.0000,n/a
RVV,firesim_rocket_saturn,vint,163,conv2d_f16,conv2d_44,N=1;IC=480;IH=4;IW=5;OC=112;KH=1;KW=1;SH=1;SW=1;PH=0;PW=0;DH=1;DW=1;groups=1,490898,0,126944,0.0000,0.0000,0.0000,0.0000,0.0000,0.0000,n/a
RVV,firesim_rocket_saturn,vint,164,batchnorm2d_f16,batch_norm_26,N=1;C=112;H=4;W=5,27592,0,0,0.0000,0.0000,0.0000,0.0000,0.0000,0.0000,n/a
RVV,firesim_rocket_saturn,vint,165,conv2d_f16,conv2d_45,N=1;IC=112;IH=4;IW=5;OC=672;KH=1;KW=1;SH=1;SW=1;PH=0;PW=0;DH=1;DW=1;groups=1,709914,0,156352,0.0000,0.0000,0.0000,0.0000,0.0000,0.0000,n/a
RVV,firesim_rocket_saturn,vint,166,batchnorm2d_f16,batch_norm_27,N=1;C=672;H=4;W=5,165352,0,0,0.0000,0.0000,0.0000,0.0000,0.0000,0.0000,n/a
RVV,firesim_rocket_saturn,vint,167,sigmoid_f16,mul_36__sigmoid,n=13440,1128220,0,0,0.0000,0.0000,0.0000,0.0000,0.0000,0.0000,n/a
RVV,firesim_rocket_saturn,vint,168,mul_f16,mul_36,n=13440,147855,0,0,0.0000,0.0000,0.0000,0.0000,0.0000,0.0000,n/a
RVV,firesim_rocket_saturn,vint,169,depthwise_conv2d_f16,conv2d_46,N=1;IC=1;IH=4;IW=5;OC=672;KH=5;KW=5;SH=1;SW=1;PH=2;PW=2;DH=1;DW=1;groups=672,251219,0,0,0.0000,0.0000,0.0000,0.0000,0.0000,0.0000,n/a
RVV,firesim_rocket_saturn,vint,170,batchnorm2d_f16,batch_norm_28,N=1;C=672;H=4;W=5,165352,0,0,0.0000,0.0000,0.0000,0.0000,0.0000,0.0000,n/a
RVV,firesim_rocket_saturn,vint,171,sigmoid_f16,mul_37__sigmoid,n=13440,1085694,0,0,0.0000,0.0000,0.0000,0.0000,0.0000,0.0000,n/a
RVV,firesim_rocket_saturn,vint,172,mul_f16,mul_37,n=13440,147855,0,0,0.0000,0.0000,0.0000,0.0000,0.0000,0.0000,n/a
RVV,firesim_rocket_saturn,vint,173,adaptive_avg_pool2d_f16,adaptive_avg_pool2d_9,N=1;C=672;IH=4;IW=5;OH=1;OW=1,199658,0,0,0.0000,0.0000,0.0000,0.0000,0.0000,0.0000,n/a
RVV,firesim_rocket_saturn,vint,174,conv2d_f16,conv2d_47,N=1;IC=672;IH=1;IW=1;OC=28;KH=1;KW=1;SH=1;SW=1;PH=0;PW=0;DH=1;DW=1;groups=1,13894,0,39032,0.0000,0.0000,0.0000,0.0000,0.0000,0.0000,n/a
RVV,firesim_rocket_saturn,vint,175,sigmoid_f16,mul_38__sigmoid,n=28,2539,0,0,0.0000,0.0000,0.0000,0.0000,0.0000,0.0000,n/a
RVV,firesim_rocket_saturn,vint,176,mul_f16,mul_38,n=28,322,0,0,0.0000,0.0000,0.0000,0.0000,0.0000,0.0000,n/a
RVV,firesim_rocket_saturn,vint,177,conv2d_f16,conv2d_48,N=1;IC=28;IH=1;IW=1;OC=672;KH=1;KW=1;SH=1;SW=1;PH=0;PW=0;DH=1;DW=1;groups=1,15014,0,39032,0.0000,0.0000,0.0000,0.0000,0.0000,0.0000,n/a
RVV,firesim_rocket_saturn,vint,178,sigmoid_f16,sigmoid_39,n=672,56642,0,0,0.0000,0.0000,0.0000,0.0000,0.0000,0.0000,n/a
RVV,firesim_rocket_saturn,vint,179,mul_c1_f16,mul_39,N=1;C=672;HW=20,127706,0,0,0.0000,0.0000,0.0000,0.0000,0.0000,0.0000,n/a
RVV,firesim_rocket_saturn,vint,180,conv2d_f16,conv2d_49,N=1;IC=672;IH=4;IW=5;OC=112;KH=1;KW=1;SH=1;SW=1;PH=0;PW=0;DH=1;DW=1;groups=1,684434,0,177632,0.0000,0.0000,0.0000,0.0000,0.0000,0.0000,n/a
RVV,firesim_rocket_saturn,vint,181,batchnorm2d_f16,batch_norm_29,N=1;C=112;H=4;W=5,27592,0,0,0.0000,0.0000,0.0000,0.0000,0.0000,0.0000,n/a
RVV,firesim_rocket_saturn,vint,182,add_f16,add_4,n=2240,24655,0,0,0.0000,0.0000,0.0000,0.0000,0.0000,0.0000,n/a
RVV,firesim_rocket_saturn,vint,183,conv2d_f16,conv2d_50,N=1;IC=112;IH=4;IW=5;OC=672;KH=1;KW=1;SH=1;SW=1;PH=0;PW=0;DH=1;DW=1;groups=1,709914,0,156352,0.0000,0.0000,0.0000,0.0000,0.0000,0.0000,n/a
RVV,firesim_rocket_saturn,vint,184,batchnorm2d_f16,batch_norm_30,N=1;C=672;H=4;W=5,165352,0,0,0.0000,0.0000,0.0000,0.0000,0.0000,0.0000,n/a
RVV,firesim_rocket_saturn,vint,185,sigmoid_f16,mul_40__sigmoid,n=13440,1118361,0,0,0.0000,0.0000,0.0000,0.0000,0.0000,0.0000,n/a
RVV,firesim_rocket_saturn,vint,186,mul_f16,mul_40,n=13440,147855,0,0,0.0000,0.0000,0.0000,0.0000,0.0000,0.0000,n/a
RVV,firesim_rocket_saturn,vint,187,depthwise_conv2d_f16,conv2d_51,N=1;IC=1;IH=4;IW=5;OC=672;KH=5;KW=5;SH=1;SW=1;PH=2;PW=2;DH=1;DW=1;groups=672,251219,0,0,0.0000,0.0000,0.0000,0.0000,0.0000,0.0000,n/a
RVV,firesim_rocket_saturn,vint,188,batchnorm2d_f16,batch_norm_31,N=1;C=672;H=4;W=5,165352,0,0,0.0000,0.0000,0.0000,0.0000,0.0000,0.0000,n/a
RVV,firesim_rocket_saturn,vint,189,sigmoid_f16,mul_41__sigmoid,n=13440,1080161,0,0,0.0000,0.0000,0.0000,0.0000,0.0000,0.0000,n/a
RVV,firesim_rocket_saturn,vint,190,mul_f16,mul_41,n=13440,147855,0,0,0.0000,0.0000,0.0000,0.0000,0.0000,0.0000,n/a
RVV,firesim_rocket_saturn,vint,191,adaptive_avg_pool2d_f16,adaptive_avg_pool2d_10,N=1;C=672;IH=4;IW=5;OH=1;OW=1,199658,0,0,0.0000,0.0000,0.0000,0.0000,0.0000,0.0000,n/a
RVV,firesim_rocket_saturn,vint,192,conv2d_f16,conv2d_52,N=1;IC=672;IH=1;IW=1;OC=28;KH=1;KW=1;SH=1;SW=1;PH=0;PW=0;DH=1;DW=1;groups=1,13894,0,39032,0.0000,0.0000,0.0000,0.0000,0.0000,0.0000,n/a
RVV,firesim_rocket_saturn,vint,193,sigmoid_f16,mul_42__sigmoid,n=28,2539,0,0,0.0000,0.0000,0.0000,0.0000,0.0000,0.0000,n/a
RVV,firesim_rocket_saturn,vint,194,mul_f16,mul_42,n=28,322,0,0,0.0000,0.0000,0.0000,0.0000,0.0000,0.0000,n/a
RVV,firesim_rocket_saturn,vint,195,conv2d_f16,conv2d_53,N=1;IC=28;IH=1;IW=1;OC=672;KH=1;KW=1;SH=1;SW=1;PH=0;PW=0;DH=1;DW=1;groups=1,15014,0,39032,0.0000,0.0000,0.0000,0.0000,0.0000,0.0000,n/a
RVV,firesim_rocket_saturn,vint,196,sigmoid_f16,sigmoid_43,n=672,61606,0,0,0.0000,0.0000,0.0000,0.0000,0.0000,0.0000,n/a
RVV,firesim_rocket_saturn,vint,197,mul_c1_f16,mul_43,N=1;C=672;HW=20,127706,0,0,0.0000,0.0000,0.0000,0.0000,0.0000,0.0000,n/a
RVV,firesim_rocket_saturn,vint,198,conv2d_f16,conv2d_54,N=1;IC=672;IH=4;IW=5;OC=112;KH=1;KW=1;SH=1;SW=1;PH=0;PW=0;DH=1;DW=1;groups=1,684434,0,177632,0.0000,0.0000,0.0000,0.0000,0.0000,0.0000,n/a
RVV,firesim_rocket_saturn,vint,199,batchnorm2d_f16,batch_norm_32,N=1;C=112;H=4;W=5,27592,0,0,0.0000,0.0000,0.0000,0.0000,0.0000,0.0000,n/a
RVV,firesim_rocket_saturn,vint,200,add_f16,add_5,n=2240,24655,0,0,0.0000,0.0000,0.0000,0.0000,0.0000,0.0000,n/a
RVV,firesim_rocket_saturn,vint,201,conv2d_f16,conv2d_55,N=1;IC=112;IH=4;IW=5;OC=672;KH=1;KW=1;SH=1;SW=1;PH=0;PW=0;DH=1;DW=1;groups=1,709914,0,156352,0.0000,0.0000,0.0000,0.0000,0.0000,0.0000,n/a
RVV,firesim_rocket_saturn,vint,202,batchnorm2d_f16,batch_norm_33,N=1;C=672;H=4;W=5,165352,0,0,0.0000,0.0000,0.0000,0.0000,0.0000,0.0000,n/a
RVV,firesim_rocket_saturn,vint,203,sigmoid_f16,mul_44__sigmoid,n=13440,1120791,0,0,0.0000,0.0000,0.0000,0.0000,0.0000,0.0000,n/a
RVV,firesim_rocket_saturn,vint,204,mul_f16,mul_44,n=13440,147855,0,0,0.0000,0.0000,0.0000,0.0000,0.0000,0.0000,n/a
RVV,firesim_rocket_saturn,vint,205,pad_f16,pad_12,N=1;C=672;IH=4;IW=5;pad_left=1;pad_right=2;pad_top=1;pad_bottom=2,543065,0,0,0.0000,0.0000,0.0000,0.0000,0.0000,0.0000,n/a
RVV,firesim_rocket_saturn,vint,206,depthwise_conv2d_f16,conv2d_56,N=1;IC=1;IH=7;IW=8;OC=672;KH=5;KW=5;SH=2;SW=2;PH=0;PW=0;DH=1;DW=1;groups=672,72736,0,0,0.0000,0.0000,0.0000,0.0000,0.0000,0.0000,n/a
RVV,firesim_rocket_saturn,vint,207,batchnorm2d_f16,batch_norm_34,N=1;C=672;H=2;W=2,47080,0,0,0.0000,0.0000,0.0000,0.0000,0.0000,0.0000,n/a
RVV,firesim_rocket_saturn,vint,208,sigmoid_f16,mul_45__sigmoid,n=2688,217674,0,0,0.0000,0.0000,0.0000,0.0000,0.0000,0.0000,n/a
RVV,firesim_rocket_saturn,vint,209,mul_f16,mul_45,n=2688,29583,0,0,0.0000,0.0000,0.0000,0.0000,0.0000,0.0000,n/a
RVV,firesim_rocket_saturn,vint,210,adaptive_avg_pool2d_f16,adaptive_avg_pool2d_11,N=1;C=672;IH=2;IW=2;OH=1;OW=1,77354,0,0,0.0000,0.0000,0.0000,0.0000,0.0000,0.0000,n/a
RVV,firesim_rocket_saturn,vint,211,conv2d_f16,conv2d_57,N=1;IC=672;IH=1;IW=1;OC=28;KH=1;KW=1;SH=1;SW=1;PH=0;PW=0;DH=1;DW=1;groups=1,13894,0,39032,0.0000,0.0000,0.0000,0.0000,0.0000,0.0000,n/a
RVV,firesim_rocket_saturn,vint,212,sigmoid_f16,mul_46__sigmoid,n=28,2515,0,0,0.0000,0.0000,0.0000,0.0000,0.0000,0.0000,n/a
RVV,firesim_rocket_saturn,vint,213,mul_f16,mul_46,n=28,322,0,0,0.0000,0.0000,0.0000,0.0000,0.0000,0.0000,n/a
RVV,firesim_rocket_saturn,vint,214,conv2d_f16,conv2d_58,N=1;IC=28;IH=1;IW=1;OC=672;KH=1;KW=1;SH=1;SW=1;PH=0;PW=0;DH=1;DW=1;groups=1,15014,0,39032,0.0000,0.0000,0.0000,0.0000,0.0000,0.0000,n/a
RVV,firesim_rocket_saturn,vint,215,sigmoid_f16,sigmoid_47,n=672,58905,0,0,0.0000,0.0000,0.0000,0.0000,0.0000,0.0000,n/a
RVV,firesim_rocket_saturn,vint,216,mul_c1_f16,mul_47,N=1;C=672;HW=4,30938,0,0,0.0000,0.0000,0.0000,0.0000,0.0000,0.0000,n/a
RVV,firesim_rocket_saturn,vint,217,conv2d_f16,conv2d_59,N=1;IC=672;IH=2;IW=2;OC=192;KH=1;KW=1;SH=1;SW=1;PH=0;PW=0;DH=1;DW=1;groups=1,261737,0,263808,0.0000,0.0000,0.0000,0.0000,0.0000,0.0000,n/a
RVV,firesim_rocket_saturn,vint,218,batchnorm2d_f16,batch_norm_35,N=1;C=192;H=2;W=2,13480,0,0,0.0000,0.0000,0.0000,0.0000,0.0000,0.0000,n/a
RVV,firesim_rocket_saturn,vint,219,conv2d_f16,conv2d_60,N=1;IC=192;IH=2;IW=2;OC=1152;KH=1;KW=1;SH=1;SW=1;PH=0;PW=0;DH=1;DW=1;groups=1,457385,0,446208,0.0000,0.0000,0.0000,0.0000,0.0000,0.0000,n/a
RVV,firesim_rocket_saturn,vint,220,batchnorm2d_f16,batch_norm_36,N=1;C=1152;H=2;W=2,80680,0,0,0.0000,0.0000,0.0000,0.0000,0.0000,0.0000,n/a
RVV,firesim_rocket_saturn,vint,221,sigmoid_f16,mul_48__sigmoid,n=4608,372113,0,0,0.0000,0.0000,0.0000,0.0000,0.0000,0.0000,n/a
RVV,firesim_rocket_saturn,vint,222,mul_f16,mul_48,n=4608,50703,0,0,0.0000,0.0000,0.0000,0.0000,0.0000,0.0000,n/a
RVV,firesim_rocket_saturn,vint,223,depthwise_conv2d_f16,conv2d_61,N=1;IC=1;IH=2;IW=2;OC=1152;KH=5;KW=5;SH=1;SW=1;PH=2;PW=2;DH=1;DW=1;groups=1152,51567,0,0,0.0000,0.0000,0.0000,0.0000,0.0000,0.0000,n/a
RVV,firesim_rocket_saturn,vint,224,batchnorm2d_f16,batch_norm_37,N=1;C=1152;H=2;W=2,80680,0,0,0.0000,0.0000,0.0000,0.0000,0.0000,0.0000,n/a
RVV,firesim_rocket_saturn,vint,225,sigmoid_f16,mul_49__sigmoid,n=4608,353367,0,0,0.0000,0.0000,0.0000,0.0000,0.0000,0.0000,n/a
RVV,firesim_rocket_saturn,vint,226,mul_f16,mul_49,n=4608,50703,0,0,0.0000,0.0000,0.0000,0.0000,0.0000,0.0000,n/a
RVV,firesim_rocket_saturn,vint,227,adaptive_avg_pool2d_f16,adaptive_avg_pool2d_12,N=1;C=1152;IH=2;IW=2;OH=1;OW=1,132554,0,0,0.0000,0.0000,0.0000,0.0000,0.0000,0.0000,n/a
RVV,firesim_rocket_saturn,vint,228,conv2d_f16,conv2d_62,N=1;IC=1152;IH=1;IW=1;OC=48;KH=1;KW=1;SH=1;SW=1;PH=0;PW=0;DH=1;DW=1;groups=1,35164,0,112992,0.0000,0.0000,0.0000,0.0000,0.0000,0.0000,n/a
RVV,firesim_rocket_saturn,vint,229,sigmoid_f16,mul_50__sigmoid,n=48,4509,0,0,0.0000,0.0000,0.0000,0.0000,0.0000,0.0000,n/a
RVV,firesim_rocket_saturn,vint,230,mul_f16,mul_50,n=48,542,0,0,0.0000,0.0000,0.0000,0.0000,0.0000,0.0000,n/a
RVV,firesim_rocket_saturn,vint,231,conv2d_f16,conv2d_63,N=1;IC=48;IH=1;IW=1;OC=1152;KH=1;KW=1;SH=1;SW=1;PH=0;PW=0;DH=1;DW=1;groups=1,40160,0,112992,0.0000,0.0000,0.0000,0.0000,0.0000,0.0000,n/a
RVV,firesim_rocket_saturn,vint,232,sigmoid_f16,sigmoid_51,n=1152,107989,0,0,0.0000,0.0000,0.0000,0.0000,0.0000,0.0000,n/a
RVV,firesim_rocket_saturn,vint,233,mul_c1_f16,mul_51,N=1;C=1152;HW=4,53018,0,0,0.0000,0.0000,0.0000,0.0000,0.0000,0.0000,n/a
RVV,firesim_rocket_saturn,vint,234,conv2d_f16,conv2d_64,N=1;IC=1152;IH=2;IW=2;OC=192;KH=1;KW=1;SH=1;SW=1;PH=0;PW=0;DH=1;DW=1;groups=1,446055,0,451968,0.0000,0.0000,0.0000,0.0000,0.0000,0.0000,n/a
RVV,firesim_rocket_saturn,vint,235,batchnorm2d_f16,batch_norm_38,N=1;C=192;H=2;W=2,13480,0,0,0.0000,0.0000,0.0000,0.0000,0.0000,0.0000,n/a
RVV,firesim_rocket_saturn,vint,236,add_f16,add_6,n=768,8462,0,0,0.0000,0.0000,0.0000,0.0000,0.0000,0.0000,n/a
RVV,firesim_rocket_saturn,vint,237,conv2d_f16,conv2d_65,N=1;IC=192;IH=2;IW=2;OC=1152;KH=1;KW=1;SH=1;SW=1;PH=0;PW=0;DH=1;DW=1;groups=1,456575,0,446208,0.0000,0.0000,0.0000,0.0000,0.0000,0.0000,n/a
RVV,firesim_rocket_saturn,vint,238,batchnorm2d_f16,batch_norm_39,N=1;C=1152;H=2;W=2,80680,0,0,0.0000,0.0000,0.0000,0.0000,0.0000,0.0000,n/a
RVV,firesim_rocket_saturn,vint,239,sigmoid_f16,mul_52__sigmoid,n=4608,355979,0,0,0.0000,0.0000,0.0000,0.0000,0.0000,0.0000,n/a
RVV,firesim_rocket_saturn,vint,240,mul_f16,mul_52,n=4608,50703,0,0,0.0000,0.0000,0.0000,0.0000,0.0000,0.0000,n/a
RVV,firesim_rocket_saturn,vint,241,depthwise_conv2d_f16,conv2d_66,N=1;IC=1;IH=2;IW=2;OC=1152;KH=5;KW=5;SH=1;SW=1;PH=2;PW=2;DH=1;DW=1;groups=1152,51567,0,0,0.0000,0.0000,0.0000,0.0000,0.0000,0.0000,n/a
RVV,firesim_rocket_saturn,vint,242,batchnorm2d_f16,batch_norm_40,N=1;C=1152;H=2;W=2,80680,0,0,0.0000,0.0000,0.0000,0.0000,0.0000,0.0000,n/a
RVV,firesim_rocket_saturn,vint,243,sigmoid_f16,mul_53__sigmoid,n=4608,332413,0,0,0.0000,0.0000,0.0000,0.0000,0.0000,0.0000,n/a
RVV,firesim_rocket_saturn,vint,244,mul_f16,mul_53,n=4608,50703,0,0,0.0000,0.0000,0.0000,0.0000,0.0000,0.0000,n/a
RVV,firesim_rocket_saturn,vint,245,adaptive_avg_pool2d_f16,adaptive_avg_pool2d_13,N=1;C=1152;IH=2;IW=2;OH=1;OW=1,132554,0,0,0.0000,0.0000,0.0000,0.0000,0.0000,0.0000,n/a
RVV,firesim_rocket_saturn,vint,246,conv2d_f16,conv2d_67,N=1;IC=1152;IH=1;IW=1;OC=48;KH=1;KW=1;SH=1;SW=1;PH=0;PW=0;DH=1;DW=1;groups=1,35164,0,112992,0.0000,0.0000,0.0000,0.0000,0.0000,0.0000,n/a
RVV,firesim_rocket_saturn,vint,247,sigmoid_f16,mul_54__sigmoid,n=48,4393,0,0,0.0000,0.0000,0.0000,0.0000,0.0000,0.0000,n/a
RVV,firesim_rocket_saturn,vint,248,mul_f16,mul_54,n=48,542,0,0,0.0000,0.0000,0.0000,0.0000,0.0000,0.0000,n/a
RVV,firesim_rocket_saturn,vint,249,conv2d_f16,conv2d_68,N=1;IC=48;IH=1;IW=1;OC=1152;KH=1;KW=1;SH=1;SW=1;PH=0;PW=0;DH=1;DW=1;groups=1,40160,0,112992,0.0000,0.0000,0.0000,0.0000,0.0000,0.0000,n/a
RVV,firesim_rocket_saturn,vint,250,sigmoid_f16,sigmoid_55,n=1152,106551,0,0,0.0000,0.0000,0.0000,0.0000,0.0000,0.0000,n/a
RVV,firesim_rocket_saturn,vint,251,mul_c1_f16,mul_55,N=1;C=1152;HW=4,53018,0,0,0.0000,0.0000,0.0000,0.0000,0.0000,0.0000,n/a
RVV,firesim_rocket_saturn,vint,252,conv2d_f16,conv2d_69,N=1;IC=1152;IH=2;IW=2;OC=192;KH=1;KW=1;SH=1;SW=1;PH=0;PW=0;DH=1;DW=1;groups=1,446055,0,451968,0.0000,0.0000,0.0000,0.0000,0.0000,0.0000,n/a
RVV,firesim_rocket_saturn,vint,253,batchnorm2d_f16,batch_norm_41,N=1;C=192;H=2;W=2,13480,0,0,0.0000,0.0000,0.0000,0.0000,0.0000,0.0000,n/a
RVV,firesim_rocket_saturn,vint,254,add_f16,add_7,n=768,8462,0,0,0.0000,0.0000,0.0000,0.0000,0.0000,0.0000,n/a
RVV,firesim_rocket_saturn,vint,255,conv2d_f16,conv2d_70,N=1;IC=192;IH=2;IW=2;OC=1152;KH=1;KW=1;SH=1;SW=1;PH=0;PW=0;DH=1;DW=1;groups=1,456575,0,446208,0.0000,0.0000,0.0000,0.0000,0.0000,0.0000,n/a
RVV,firesim_rocket_saturn,vint,256,batchnorm2d_f16,batch_norm_42,N=1;C=1152;H=2;W=2,80680,0,0,0.0000,0.0000,0.0000,0.0000,0.0000,0.0000,n/a
RVV,firesim_rocket_saturn,vint,257,sigmoid_f16,mul_56__sigmoid,n=4608,336768,0,0,0.0000,0.0000,0.0000,0.0000,0.0000,0.0000,n/a
RVV,firesim_rocket_saturn,vint,258,mul_f16,mul_56,n=4608,50703,0,0,0.0000,0.0000,0.0000,0.0000,0.0000,0.0000,n/a
RVV,firesim_rocket_saturn,vint,259,depthwise_conv2d_f16,conv2d_71,N=1;IC=1;IH=2;IW=2;OC=1152;KH=5;KW=5;SH=1;SW=1;PH=2;PW=2;DH=1;DW=1;groups=1152,51567,0,0,0.0000,0.0000,0.0000,0.0000,0.0000,0.0000,n/a
RVV,firesim_rocket_saturn,vint,260,batchnorm2d_f16,batch_norm_43,N=1;C=1152;H=2;W=2,80680,0,0,0.0000,0.0000,0.0000,0.0000,0.0000,0.0000,n/a
RVV,firesim_rocket_saturn,vint,261,sigmoid_f16,mul_57__sigmoid,n=4608,330341,0,0,0.0000,0.0000,0.0000,0.0000,0.0000,0.0000,n/a
RVV,firesim_rocket_saturn,vint,262,mul_f16,mul_57,n=4608,50703,0,0,0.0000,0.0000,0.0000,0.0000,0.0000,0.0000,n/a
RVV,firesim_rocket_saturn,vint,263,adaptive_avg_pool2d_f16,adaptive_avg_pool2d_14,N=1;C=1152;IH=2;IW=2;OH=1;OW=1,132554,0,0,0.0000,0.0000,0.0000,0.0000,0.0000,0.0000,n/a
RVV,firesim_rocket_saturn,vint,264,conv2d_f16,conv2d_72,N=1;IC=1152;IH=1;IW=1;OC=48;KH=1;KW=1;SH=1;SW=1;PH=0;PW=0;DH=1;DW=1;groups=1,35164,0,112992,0.0000,0.0000,0.0000,0.0000,0.0000,0.0000,n/a
RVV,firesim_rocket_saturn,vint,265,sigmoid_f16,mul_58__sigmoid,n=48,4051,0,0,0.0000,0.0000,0.0000,0.0000,0.0000,0.0000,n/a
RVV,firesim_rocket_saturn,vint,266,mul_f16,mul_58,n=48,542,0,0,0.0000,0.0000,0.0000,0.0000,0.0000,0.0000,n/a
RVV,firesim_rocket_saturn,vint,267,conv2d_f16,conv2d_73,N=1;IC=48;IH=1;IW=1;OC=1152;KH=1;KW=1;SH=1;SW=1;PH=0;PW=0;DH=1;DW=1;groups=1,40160,0,112992,0.0000,0.0000,0.0000,0.0000,0.0000,0.0000,n/a
RVV,firesim_rocket_saturn,vint,268,sigmoid_f16,sigmoid_59,n=1152,106538,0,0,0.0000,0.0000,0.0000,0.0000,0.0000,0.0000,n/a
RVV,firesim_rocket_saturn,vint,269,mul_c1_f16,mul_59,N=1;C=1152;HW=4,53018,0,0,0.0000,0.0000,0.0000,0.0000,0.0000,0.0000,n/a
RVV,firesim_rocket_saturn,vint,270,conv2d_f16,conv2d_74,N=1;IC=1152;IH=2;IW=2;OC=192;KH=1;KW=1;SH=1;SW=1;PH=0;PW=0;DH=1;DW=1;groups=1,446055,0,451968,0.0000,0.0000,0.0000,0.0000,0.0000,0.0000,n/a
RVV,firesim_rocket_saturn,vint,271,batchnorm2d_f16,batch_norm_44,N=1;C=192;H=2;W=2,13480,0,0,0.0000,0.0000,0.0000,0.0000,0.0000,0.0000,n/a
RVV,firesim_rocket_saturn,vint,272,add_f16,add_8,n=768,8462,0,0,0.0000,0.0000,0.0000,0.0000,0.0000,0.0000,n/a
RVV,firesim_rocket_saturn,vint,273,conv2d_f16,conv2d_75,N=1;IC=192;IH=2;IW=2;OC=1152;KH=1;KW=1;SH=1;SW=1;PH=0;PW=0;DH=1;DW=1;groups=1,456575,0,446208,0.0000,0.0000,0.0000,0.0000,0.0000,0.0000,n/a
RVV,firesim_rocket_saturn,vint,274,batchnorm2d_f16,batch_norm_45,N=1;C=1152;H=2;W=2,80680,0,0,0.0000,0.0000,0.0000,0.0000,0.0000,0.0000,n/a
RVV,firesim_rocket_saturn,vint,275,sigmoid_f16,mul_60__sigmoid,n=4608,371964,0,0,0.0000,0.0000,0.0000,0.0000,0.0000,0.0000,n/a
RVV,firesim_rocket_saturn,vint,276,mul_f16,mul_60,n=4608,50703,0,0,0.0000,0.0000,0.0000,0.0000,0.0000,0.0000,n/a
RVV,firesim_rocket_saturn,vint,277,depthwise_conv2d_f16,conv2d_76,N=1;IC=1;IH=2;IW=2;OC=1152;KH=3;KW=3;SH=1;SW=1;PH=1;PW=1;DH=1;DW=1;groups=1152,38607,0,0,0.0000,0.0000,0.0000,0.0000,0.0000,0.0000,n/a
RVV,firesim_rocket_saturn,vint,278,batchnorm2d_f16,batch_norm_46,N=1;C=1152;H=2;W=2,80680,0,0,0.0000,0.0000,0.0000,0.0000,0.0000,0.0000,n/a
RVV,firesim_rocket_saturn,vint,279,sigmoid_f16,mul_61__sigmoid,n=4608,342101,0,0,0.0000,0.0000,0.0000,0.0000,0.0000,0.0000,n/a
RVV,firesim_rocket_saturn,vint,280,mul_f16,mul_61,n=4608,50703,0,0,0.0000,0.0000,0.0000,0.0000,0.0000,0.0000,n/a
RVV,firesim_rocket_saturn,vint,281,adaptive_avg_pool2d_f16,adaptive_avg_pool2d_15,N=1;C=1152;IH=2;IW=2;OH=1;OW=1,132554,0,0,0.0000,0.0000,0.0000,0.0000,0.0000,0.0000,n/a
RVV,firesim_rocket_saturn,vint,282,conv2d_f16,conv2d_77,N=1;IC=1152;IH=1;IW=1;OC=48;KH=1;KW=1;SH=1;SW=1;PH=0;PW=0;DH=1;DW=1;groups=1,35164,0,112992,0.0000,0.0000,0.0000,0.0000,0.0000,0.0000,n/a
RVV,firesim_rocket_saturn,vint,283,sigmoid_f16,mul_62__sigmoid,n=48,4337,0,0,0.0000,0.0000,0.0000,0.0000,0.0000,0.0000,n/a
RVV,firesim_rocket_saturn,vint,284,mul_f16,mul_62,n=48,542,0,0,0.0000,0.0000,0.0000,0.0000,0.0000,0.0000,n/a
RVV,firesim_rocket_saturn,vint,285,conv2d_f16,conv2d_78,N=1;IC=48;IH=1;IW=1;OC=1152;KH=1;KW=1;SH=1;SW=1;PH=0;PW=0;DH=1;DW=1;groups=1,40160,0,112992,0.0000,0.0000,0.0000,0.0000,0.0000,0.0000,n/a
RVV,firesim_rocket_saturn,vint,286,sigmoid_f16,sigmoid_63,n=1152,107042,0,0,0.0000,0.0000,0.0000,0.0000,0.0000,0.0000,n/a
RVV,firesim_rocket_saturn,vint,287,mul_c1_f16,mul_63,N=1;C=1152;HW=4,53018,0,0,0.0000,0.0000,0.0000,0.0000,0.0000,0.0000,n/a
RVV,firesim_rocket_saturn,vint,288,conv2d_f16,conv2d_79,N=1;IC=1152;IH=2;IW=2;OC=320;KH=1;KW=1;SH=1;SW=1;PH=0;PW=0;DH=1;DW=1;groups=1,743327,0,747136,0.0000,0.0000,0.0000,0.0000,0.0000,0.0000,n/a
RVV,firesim_rocket_saturn,vint,289,batchnorm2d_f16,batch_norm_47,N=1;C=320;H=2;W=2,22440,0,0,0.0000,0.0000,0.0000,0.0000,0.0000,0.0000,n/a
RVV,firesim_rocket_saturn,vint,290,conv2d_f16,conv2d_80,N=1;IC=320;IH=2;IW=2;OC=1280;KH=1;KW=1;SH=1;SW=1;PH=0;PW=0;DH=1;DW=1;groups=1,837629,0,824320,0.0000,0.0000,0.0000,0.0000,0.0000,0.0000,n/a
RVV,firesim_rocket_saturn,vint,291,batchnorm2d_f16,batch_norm_48,N=1;C=1280;H=2;W=2,89640,0,0,0.0000,0.0000,0.0000,0.0000,0.0000,0.0000,n/a
RVV,firesim_rocket_saturn,vint,292,sigmoid_f16,mul_64__sigmoid,n=5120,444266,0,0,0.0000,0.0000,0.0000,0.0000,0.0000,0.0000,n/a
RVV,firesim_rocket_saturn,vint,293,mul_f16,mul_64,n=5120,56335,0,0,0.0000,0.0000,0.0000,0.0000,0.0000,0.0000,n/a
RVV,firesim_rocket_saturn,vint,294,adaptive_avg_pool2d_f16,adaptive_avg_pool2d_16,N=1;C=1280;IH=2;IW=2;OH=1;OW=1,147274,0,0,0.0000,0.0000,0.0000,0.0000,0.0000,0.0000,n/a
RVV,firesim_rocket_saturn,vint,295,linear_f16,linear,M=1;K=1280;N=512,153280,1310720,1314304,0.9973,8.5511,16.0000,15.9564,15.9564,0.5359,memory
RVV,firesim_rocket_saturn,vint,296,pad_s8,pad_17,N=6;C=3;IH=64;IW=85;pad_left=0;pad_right=1;pad_top=0;pad_bottom=1,1406774,0,0,0.0000,0.0000,0.0000,0.0000,0.0000,0.0000,n/a
RVV,firesim_rocket_saturn,vint,297,conv2d_s8,conv2d_81,N=6;IC=3;IH=65;IW=86;OC=32;KH=3;KW=3;SH=2;SW=2;PH=0;PW=0;DH=1;DW=1;groups=1,14301180,0,101612,0.0000,0.0000,0.0000,0.0000,0.0000,0.0000,n/a
RVV,firesim_rocket_saturn,vint,298,sigmoid_s8,mul_65__sigmoid,n=258048,27054061,1290240,516352,2.4988,0.0477,8.0000,39.9802,8.0000,0.0060,compute
RVV,firesim_rocket_saturn,vint,299,mul_s8,mul_65,n=258048,11255593,0,0,0.0000,0.0000,0.0000,0.0000,0.0000,0.0000,n/a
RVV,firesim_rocket_saturn,vint,300,depthwise_conv2d_s8,conv2d_82,N=6;IC=1;IH=32;IW=42;OC=32;KH=3;KW=3;SH=1;SW=1;PH=1;PW=1;DH=1;DW=1;groups=32,68558965,0,0,0.0000,0.0000,0.0000,0.0000,0.0000,0.0000,n/a
RVV,firesim_rocket_saturn,vint,301,sigmoid_s8,mul_66__sigmoid,n=258048,26789179,1290240,516352,2.4988,0.0482,8.0000,39.9802,8.0000,0.0060,compute
RVV,firesim_rocket_saturn,vint,302,mul_s8,mul_66,n=258048,11252539,0,0,0.0000,0.0000,0.0000,0.0000,0.0000,0.0000,n/a
RVV,firesim_rocket_saturn,vint,303,adaptive_avg_pool2d_s8,adaptive_avg_pool2d_17,N=6;C=32;IH=32;IW=42;OH=1;OW=1,2140203,0,0,0.0000,0.0000,0.0000,0.0000,0.0000,0.0000,n/a
RVV,firesim_rocket_saturn,vint,304,conv2d_s8,conv2d_83,N=6;IC=32;IH=1;IW=1;OC=8;KH=1;KW=1;SH=1;SW=1;PH=0;PW=0;DH=1;DW=1;groups=1,18637,0,480,0.0000,0.0000,0.0000,0.0000,0.0000,0.0000,n/a
RVV,firesim_rocket_saturn,vint,305,sigmoid_s8,mul_67__sigmoid,n=48,4705,240,352,0.6818,0.0510,8.0000,10.9091,8.0000,0.0064,compute
RVV,firesim_rocket_saturn,vint,306,mul_s8,mul_67,n=48,2173,0,0,0.0000,0.0000,0.0000,0.0000,0.0000,0.0000,n/a
RVV,firesim_rocket_saturn,vint,307,conv2d_s8,conv2d_84,N=6;IC=8;IH=1;IW=1;OC=32;KH=1;KW=1;SH=1;SW=1;PH=0;PW=0;DH=1;DW=1;groups=1,13579,0,432,0.0000,0.0000,0.0000,0.0000,0.0000,0.0000,n/a
RVV,firesim_rocket_saturn,vint,308,sigmoid_s8,sigmoid_68,n=192,18751,960,640,1.5000,0.0512,8.0000,24.0000,8.0000,0.0064,compute
RVV,firesim_rocket_saturn,vint,309,mul_c1_s8,mul_68,N=6;C=32;HW=1344,5272102,0,0,0.0000,0.0000,0.0000,0.0000,0.0000,0.0000,n/a
RVV,firesim_rocket_saturn,vint,310,conv2d_s8,conv2d_85,N=6;IC=32;IH=32;IW=42;OC=16;KH=1;KW=1;SH=1;SW=1;PH=0;PW=0;DH=1;DW=1;groups=1,15236892,0,258624,0.0000,0.0000,0.0000,0.0000,0.0000,0.0000,n/a
RVV,firesim_rocket_saturn,vint,311,conv2d_s8,conv2d_86,N=6;IC=16;IH=32;IW=42;OC=96;KH=1;KW=1;SH=1;SW=1;PH=0;PW=0;DH=1;DW=1;groups=1,32190502,0,130944,0.0000,0.0000,0.0000,0.0000,0.0000,0.0000,n/a
RVV,firesim_rocket_saturn,vint,312,sigmoid_s8,mul_69__sigmoid,n=774144,79402627,3870720,1548544,2.4996,0.0487,8.0000,39.9934,8.0000,0.0061,compute
RVV,firesim_rocket_saturn,vint,313,mul_s8,mul_69,n=774144,33755269,0,0,0.0000,0.0000,0.0000,0.0000,0.0000,0.0000,n/a
RVV,firesim_rocket_saturn,vint,314,pad_s8,pad_19,N=6;C=96;IH=32;IW=42;pad_left=0;pad_right=1;pad_top=0;pad_bottom=1,11416683,0,0,0.0000,0.0000,0.0000,0.0000,0.0000,0.0000,n/a
RVV,firesim_rocket_saturn,vint,315,depthwise_conv2d_s8,conv2d_87,N=6;IC=1;IH=33;IW=43;OC=96;KH=3;KW=3;SH=2;SW=2;PH=0;PW=0;DH=1;DW=1;groups=96,52775804,0,0,0.0000,0.0000,0.0000,0.0000,0.0000,0.0000,n/a
RVV,firesim_rocket_saturn,vint,316,sigmoid_s8,mul_70__sigmoid,n=193536,21527504,967680,387328,2.4983,0.0450,8.0000,39.9736,8.0000,0.0056,compute
RVV,firesim_rocket_saturn,vint,317,mul_s8,mul_70,n=193536,8474666,0,0,0.0000,0.0000,0.0000,0.0000,0.0000,0.0000,n/a
RVV,firesim_rocket_saturn,vint,318,adaptive_avg_pool2d_s8,adaptive_avg_pool2d_18,N=6;C=96;IH=16;IW=21;OH=1;OW=1,1692375,0,0,0.0000,0.0000,0.0000,0.0000,0.0000,0.0000,n/a
RVV,firesim_rocket_saturn,vint,319,conv2d_s8,conv2d_88,N=6;IC=96;IH=1;IW=1;OC=4;KH=1;KW=1;SH=1;SW=1;PH=0;PW=0;DH=1;DW=1;groups=1,47005,0,976,0.0000,0.0000,0.0000,0.0000,0.0000,0.0000,n/a
RVV,firesim_rocket_saturn,vint,320,sigmoid_s8,mul_71__sigmoid,n=24,2791,120,304,0.3947,0.0430,8.0000,6.3158,6.3158,0.0068,memory
RVV,firesim_rocket_saturn,vint,321,mul_s8,mul_71,n=24,1123,0,0,0.0000,0.0000,0.0000,0.0000,0.0000,0.0000,n/a
RVV,firesim_rocket_saturn,vint,322,conv2d_s8,conv2d_89,N=6;IC=4;IH=1;IW=1;OC=96;KH=1;KW=1;SH=1;SW=1;PH=0;PW=0;DH=1;DW=1;groups=1,26763,0,792,0.0000,0.0000,0.0000,0.0000,0.0000,0.0000,n/a
RVV,firesim_rocket_saturn,vint,323,sigmoid_s8,sigmoid_72,n=576,57103,2880,1408,2.0455,0.0504,8.0000,32.7273,8.0000,0.0063,compute
RVV,firesim_rocket_saturn,vint,324,mul_c1_s8,mul_72,N=6;C=96;HW=336,3964912,0,0,0.0000,0.0000,0.0000,0.0000,0.0000,0.0000,n/a
RVV,firesim_rocket_saturn,vint,325,conv2d_s8,conv2d_90,N=6;IC=96;IH=16;IW=21;OC=24;KH=1;KW=1;SH=1;SW=1;PH=0;PW=0;DH=1;DW=1;groups=1,11257132,0,195936,0.0000,0.0000,0.0000,0.0000,0.0000,0.0000,n/a
RVV,firesim_rocket_saturn,vint,326,conv2d_s8,conv2d_91,N=6;IC=24;IH=16;IW=21;OC=144;KH=1;KW=1;SH=1;SW=1;PH=0;PW=0;DH=1;DW=1;groups=1,13078690,0,52416,0.0000,0.0000,0.0000,0.0000,0.0000,0.0000,n/a
RVV,firesim_rocket_saturn,vint,327,sigmoid_s8,mul_73__sigmoid,n=290304,33028250,1451520,580864,2.4989,0.0439,8.0000,39.9824,8.0000,0.0055,compute
RVV,firesim_rocket_saturn,vint,328,mul_s8,mul_73,n=290304,12757940,0,0,0.0000,0.0000,0.0000,0.0000,0.0000,0.0000,n/a
RVV,firesim_rocket_saturn,vint,329,depthwise_conv2d_s8,conv2d_92,N=6;IC=1;IH=16;IW=21;OC=144;KH=3;KW=3;SH=1;SW=1;PH=1;PW=1;DH=1;DW=1;groups=144,75329600,0,0,0.0000,0.0000,0.0000,0.0000,0.0000,0.0000,n/a
RVV,firesim_rocket_saturn,vint,330,sigmoid_s8,mul_74__sigmoid,n=290304,31767458,1451520,580864,2.4989,0.0457,8.0000,39.9824,8.0000,0.0057,compute
RVV,firesim_rocket_saturn,vint,331,mul_s8,mul_74,n=290304,12709370,0,0,0.0000,0.0000,0.0000,0.0000,0.0000,0.0000,n/a
RVV,firesim_rocket_saturn,vint,332,adaptive_avg_pool2d_s8,adaptive_avg_pool2d_19,N=6;C=144;IH=16;IW=21;OH=1;OW=1,2538513,0,0,0.0000,0.0000,0.0000,0.0000,0.0000,0.0000,n/a
RVV,firesim_rocket_saturn,vint,333,conv2d_s8,conv2d_93,N=6;IC=144;IH=1;IW=1;OC=6;KH=1;KW=1;SH=1;SW=1;PH=0;PW=0;DH=1;DW=1;groups=1,72218,0,1752,0.0000,0.0000,0.0000,0.0000,0.0000,0.0000,n/a
RVV,firesim_rocket_saturn,vint,334,sigmoid_s8,mul_75__sigmoid,n=36,4159,180,328,0.5488,0.0433,8.0000,8.7805,8.0000,0.0054,compute
RVV,firesim_rocket_saturn,vint,335,mul_s8,mul_75,n=36,1651,0,0,0.0000,0.0000,0.0000,0.0000,0.0000,0.0000,n/a
RVV,firesim_rocket_saturn,vint,336,conv2d_s8,conv2d_94,N=6;IC=6;IH=1;IW=1;OC=144;KH=1;KW=1;SH=1;SW=1;PH=0;PW=0;DH=1;DW=1;groups=1,44193,0,1476,0.0000,0.0000,0.0000,0.0000,0.0000,0.0000,n/a
RVV,firesim_rocket_saturn,vint,337,sigmoid_s8,sigmoid_76,n=864,86059,4320,1984,2.1774,0.0502,8.0000,34.8387,8.0000,0.0063,compute
RVV,firesim_rocket_saturn,vint,338,mul_c1_s8,mul_76,N=6;C=144;HW=336,5954698,0,0,0.0000,0.0000,0.0000,0.0000,0.0000,0.0000,n/a
RVV,firesim_rocket_saturn,vint,339,conv2d_s8,conv2d_95,N=6;IC=144;IH=16;IW=21;OC=24;KH=1;KW=1;SH=1;SW=1;PH=0;PW=0;DH=1;DW=1;groups=1,16118572,0,293856,0.0000,0.0000,0.0000,0.0000,0.0000,0.0000,n/a
RVV,firesim_rocket_saturn,vint,340,add_s8,add_9,n=48384,2068838,48384,145152,0.3333,0.0234,8.0000,5.3333,5.3333,0.0044,memory
RVV,firesim_rocket_saturn,vint,341,conv2d_s8,conv2d_96,N=6;IC=24;IH=16;IW=21;OC=144;KH=1;KW=1;SH=1;SW=1;PH=0;PW=0;DH=1;DW=1;groups=1,13078696,0,52416,0.0000,0.0000,0.0000,0.0000,0.0000,0.0000,n/a
RVV,firesim_rocket_saturn,vint,342,sigmoid_s8,mul_77__sigmoid,n=290304,32641352,1451520,580864,2.4989,0.0445,8.0000,39.9824,8.0000,0.0056,compute
RVV,firesim_rocket_saturn,vint,343,mul_s8,mul_77,n=290304,12759200,0,0,0.0000,0.0000,0.0000,0.0000,0.0000,0.0000,n/a
RVV,firesim_rocket_saturn,vint,344,pad_s8,pad_21,N=6;C=144;IH=16;IW=21;pad_left=1;pad_right=2;pad_top=1;pad_bottom=2,5203083,0,0,0.0000,0.0000,0.0000,0.0000,0.0000,0.0000,n/a
RVV,firesim_rocket_saturn,vint,345,depthwise_conv2d_s8,conv2d_97,N=6;IC=1;IH=19;IW=24;OC=144;KH=5;KW=5;SH=2;SW=2;PH=0;PW=0;DH=1;DW=1;groups=144,44902226,0,0,0.0000,0.0000,0.0000,0.0000,0.0000,0.0000,n/a
RVV,firesim_rocket_saturn,vint,346,sigmoid_s8,mul_78__sigmoid,n=69120,8114336,345600,138496,2.4954,0.0426,8.0000,39.9261,8.0000,0.0053,compute
RVV,firesim_rocket_saturn,vint,347,mul_s8,mul_78,n=69120,3030710,0,0,0.0000,0.0000,0.0000,0.0000,0.0000,0.0000,n/a
RVV,firesim_rocket_saturn,vint,348,adaptive_avg_pool2d_s8,adaptive_avg_pool2d_20,N=6;C=144;IH=8;IW=10;OH=1;OW=1,707187,0,0,0.0000,0.0000,0.0000,0.0000,0.0000,0.0000,n/a
RVV,firesim_rocket_saturn,vint,349,conv2d_s8,conv2d_98,N=6;IC=144;IH=1;IW=1;OC=6;KH=1;KW=1;SH=1;SW=1;PH=0;PW=0;DH=1;DW=1;groups=1,72230,0,1752,0.0000,0.0000,0.0000,0.0000,0.0000,0.0000,n/a
RVV,firesim_rocket_saturn,vint,350,sigmoid_s8,mul_79__sigmoid,n=36,4111,180,328,0.5488,0.0438,8.0000,8.7805,8.0000,0.0055,compute
RVV,firesim_rocket_saturn,vint,351,mul_s8,mul_79,n=36,1651,0,0,0.0000,0.0000,0.0000,0.0000,0.0000,0.0000,n/a
RVV,firesim_rocket_saturn,vint,352,conv2d_s8,conv2d_99,N=6;IC=6;IH=1;IW=1;OC=144;KH=1;KW=1;SH=1;SW=1;PH=0;PW=0;DH=1;DW=1;groups=1,44193,0,1476,0.0000,0.0000,0.0000,0.0000,0.0000,0.0000,n/a
RVV,firesim_rocket_saturn,vint,353,sigmoid_s8,sigmoid_80,n=864,85129,4320,1984,2.1774,0.0507,8.0000,34.8387,8.0000,0.0063,compute
RVV,firesim_rocket_saturn,vint,354,mul_c1_s8,mul_80,N=6;C=144;HW=80,1424500,0,0,0.0000,0.0000,0.0000,0.0000,0.0000,0.0000,n/a
RVV,firesim_rocket_saturn,vint,355,conv2d_s8,conv2d_100,N=6;IC=144;IH=8;IW=10;OC=40;KH=1;KW=1;SH=1;SW=1;PH=0;PW=0;DH=1;DW=1;groups=1,4582460,0,75040,0.0000,0.0000,0.0000,0.0000,0.0000,0.0000,n/a
RVV,firesim_rocket_saturn,vint,356,conv2d_s8,conv2d_101,N=6;IC=40;IH=8;IW=10;OC=240;KH=1;KW=1;SH=1;SW=1;PH=0;PW=0;DH=1;DW=1;groups=1,5999650,0,29760,0.0000,0.0000,0.0000,0.0000,0.0000,0.0000,n/a
RVV,firesim_rocket_saturn,vint,357,sigmoid_s8,mul_81__sigmoid,n=115200,13465676,576000,230656,2.4972,0.0428,8.0000,39.9556,8.0000,0.0053,compute
RVV,firesim_rocket_saturn,vint,358,mul_s8,mul_81,n=115200,5079194,0,0,0.0000,0.0000,0.0000,0.0000,0.0000,0.0000,n/a
RVV,firesim_rocket_saturn,vint,359,depthwise_conv2d_s8,conv2d_102,N=6;IC=1;IH=8;IW=10;OC=240;KH=5;KW=5;SH=1;SW=1;PH=2;PW=2;DH=1;DW=1;groups=240,60177398,0,0,0.0000,0.0000,0.0000,0.0000,0.0000,0.0000,n/a
RVV,firesim_rocket_saturn,vint,360,sigmoid_s8,mul_82__sigmoid,n=115200,12976634,576000,230656,2.4972,0.0444,8.0000,39.9556,8.0000,0.0055,compute
RVV,firesim_rocket_saturn,vint,361,mul_s8,mul_82,n=115200,5055830,0,0,0.0000,0.0000,0.0000,0.0000,0.0000,0.0000,n/a
RVV,firesim_rocket_saturn,vint,362,adaptive_avg_pool2d_s8,adaptive_avg_pool2d_21,N=6;C=240;IH=8;IW=10;OH=1;OW=1,1178115,0,0,0.0000,0.0000,0.0000,0.0000,0.0000,0.0000,n/a
RVV,firesim_rocket_saturn,vint,363,conv2d_s8,conv2d_103,N=6;IC=240;IH=1;IW=1;OC=10;KH=1;KW=1;SH=1;SW=1;PH=0;PW=0;DH=1;DW=1;groups=1,127249,0,3880,0.0000,0.0000,0.0000,0.0000,0.0000,0.0000,n/a
RVV,firesim_rocket_saturn,vint,364,sigmoid_s8,mul_83__sigmoid,n=60,7405,300,376,0.7979,0.0405,8.0000,12.7660,8.0000,0.0051,compute
RVV,firesim_rocket_saturn,vint,365,mul_s8,mul_83,n=60,2719,0,0,0.0000,0.0000,0.0000,0.0000,0.0000,0.0000,n/a
RVV,firesim_rocket_saturn,vint,366,conv2d_s8,conv2d_104,N=6;IC=10;IH=1;IW=1;OC=240;KH=1;KW=1;SH=1;SW=1;PH=0;PW=0;DH=1;DW=1;groups=1,87981,0,3420,0.0000,0.0000,0.0000,0.0000,0.0000,0.0000,n/a
RVV,firesim_rocket_saturn,vint,367,sigmoid_s8,sigmoid_84,n=1440,157477,7200,3136,2.2959,0.0457,8.0000,36.7347,8.0000,0.0057,compute
RVV,firesim_rocket_saturn,vint,368,mul_c1_s8,mul_84,N=6;C=240;HW=80,2369080,0,0,0.0000,0.0000,0.0000,0.0000,0.0000,0.0000,n/a
RVV,firesim_rocket_saturn,vint,369,conv2d_s8,conv2d_105,N=6;IC=240;IH=8;IW=10;OC=40;KH=1;KW=1;SH=1;SW=1;PH=0;PW=0;DH=1;DW=1;groups=1,7238930,0,124960,0.0000,0.0000,0.0000,0.0000,0.0000,0.0000,n/a
RVV,firesim_rocket_saturn,vint,370,add_s8,add_10,n=19200,823880,19200,57600,0.3333,0.0233,8.0000,5.3333,5.3333,0.0044,memory
RVV,firesim_rocket_saturn,vint,371,conv2d_s8,conv2d_106,N=6;IC=40;IH=8;IW=10;OC=240;KH=1;KW=1;SH=1;SW=1;PH=0;PW=0;DH=1;DW=1;groups=1,6000460,0,29760,0.0000,0.0000,0.0000,0.0000,0.0000,0.0000,n/a
RVV,firesim_rocket_saturn,vint,372,sigmoid_s8,mul_85__sigmoid,n=115200,13346588,576000,230656,2.4972,0.0432,8.0000,39.9556,8.0000,0.0054,compute
RVV,firesim_rocket_saturn,vint,373,mul_s8,mul_85,n=115200,5082152,0,0,0.0000,0.0000,0.0000,0.0000,0.0000,0.0000,n/a
RVV,firesim_rocket_saturn,vint,374,pad_s8,pad_23,N=6;C=240;IH=8;IW=10;pad_left=0;pad_right=1;pad_top=0;pad_bottom=1,1997409,0,0,0.0000,0.0000,0.0000,0.0000,0.0000,0.0000,n/a
RVV,firesim_rocket_saturn,vint,375,depthwise_conv2d_s8,conv2d_107,N=6;IC=1;IH=9;IW=11;OC=240;KH=3;KW=3;SH=2;SW=2;PH=0;PW=0;DH=1;DW=1;groups=240,7941818,0,0,0.0000,0.0000,0.0000,0.0000,0.0000,0.0000,n/a
RVV,firesim_rocket_saturn,vint,376,sigmoid_s8,mul_86__sigmoid,n=28800,3426182,144000,57856,2.4889,0.0420,8.0000,39.8230,8.0000,0.0053,compute
RVV,firesim_rocket_saturn,vint,377,mul_s8,mul_86,n=28800,1273106,0,0,0.0000,0.0000,0.0000,0.0000,0.0000,0.0000,n/a
RVV,firesim_rocket_saturn,vint,378,adaptive_avg_pool2d_s8,adaptive_avg_pool2d_22,N=6;C=240;IH=4;IW=5;OH=1;OW=1,435393,0,0,0.0000,0.0000,0.0000,0.0000,0.0000,0.0000,n/a
RVV,firesim_rocket_saturn,vint,379,conv2d_s8,conv2d_108,N=6;IC=240;IH=1;IW=1;OC=10;KH=1;KW=1;SH=1;SW=1;PH=0;PW=0;DH=1;DW=1;groups=1,127285,0,3880,0.0000,0.0000,0.0000,0.0000,0.0000,0.0000,n/a
RVV,firesim_rocket_saturn,vint,380,sigmoid_s8,mul_87__sigmoid,n=60,7429,300,376,0.7979,0.0404,8.0000,12.7660,8.0000,0.0050,compute
RVV,firesim_rocket_saturn,vint,381,mul_s8,mul_87,n=60,2719,0,0,0.0000,0.0000,0.0000,0.0000,0.0000,0.0000,n/a
RVV,firesim_rocket_saturn,vint,382,conv2d_s8,conv2d_109,N=6;IC=10;IH=1;IW=1;OC=240;KH=1;KW=1;SH=1;SW=1;PH=0;PW=0;DH=1;DW=1;groups=1,87981,0,3420,0.0000,0.0000,0.0000,0.0000,0.0000,0.0000,n/a
RVV,firesim_rocket_saturn,vint,383,sigmoid_s8,sigmoid_88,n=1440,146149,7200,3136,2.2959,0.0493,8.0000,36.7347,8.0000,0.0062,compute
RVV,firesim_rocket_saturn,vint,384,mul_c1_s8,mul_88,N=6;C=240;HW=20,607024,0,0,0.0000,0.0000,0.0000,0.0000,0.0000,0.0000,n/a
RVV,firesim_rocket_saturn,vint,385,conv2d_s8,conv2d_110,N=6;IC=240;IH=4;IW=5;OC=80;KH=1;KW=1;SH=1;SW=1;PH=0;PW=0;DH=1;DW=1;groups=1,2779788,0,48320,0.0000,0.0000,0.0000,0.0000,0.0000,0.0000,n/a
RVV,firesim_rocket_saturn,vint,386,conv2d_s8,conv2d_111,N=6;IC=80;IH=4;IW=5;OC=480;KH=1;KW=1;SH=1;SW=1;PH=0;PW=0;DH=1;DW=1;groups=1,4737778,0,49920,0.0000,0.0000,0.0000,0.0000,0.0000,0.0000,n/a
RVV,firesim_rocket_saturn,vint,387,sigmoid_s8,mul_89__sigmoid,n=57600,6557078,288000,115456,2.4945,0.0439,8.0000,39.9113,8.0000,0.0055,compute
RVV,firesim_rocket_saturn,vint,388,mul_s8,mul_89,n=57600,2531750,0,0,0.0000,0.0000,0.0000,0.0000,0.0000,0.0000,n/a
RVV,firesim_rocket_saturn,vint,389,depthwise_conv2d_s8,conv2d_112,N=6;IC=1;IH=4;IW=5;OC=480;KH=3;KW=3;SH=1;SW=1;PH=1;PW=1;DH=1;DW=1;groups=480,12923618,0,0,0.0000,0.0000,0.0000,0.0000,0.0000,0.0000,n/a
RVV,firesim_rocket_saturn,vint,390,sigmoid_s8,mul_90__sigmoid,n=57600,6149858,288000,115456,2.4945,0.0468,8.0000,39.9113,8.0000,0.0059,compute
RVV,firesim_rocket_saturn,vint,391,mul_s8,mul_90,n=57600,2524514,0,0,0.0000,0.0000,0.0000,0.0000,0.0000,0.0000,n/a
RVV,firesim_rocket_saturn,vint,392,adaptive_avg_pool2d_s8,adaptive_avg_pool2d_23,N=6;C=480;IH=4;IW=5;OH=1;OW=1,869415,0,0,0.0000,0.0000,0.0000,0.0000,0.0000,0.0000,n/a
RVV,firesim_rocket_saturn,vint,393,conv2d_s8,conv2d_113,N=6;IC=480;IH=1;IW=1;OC=20;KH=1;KW=1;SH=1;SW=1;PH=0;PW=0;DH=1;DW=1;groups=1,349643,0,12560,0.0000,0.0000,0.0000,0.0000,0.0000,0.0000,n/a
RVV,firesim_rocket_saturn,vint,394,sigmoid_s8,mul_91__sigmoid,n=120,14419,600,496,1.2097,0.0416,8.0000,19.3548,8.0000,0.0052,compute
RVV,firesim_rocket_saturn,vint,395,mul_s8,mul_91,n=120,5365,0,0,0.0000,0.0000,0.0000,0.0000,0.0000,0.0000,n/a
RVV,firesim_rocket_saturn,vint,396,conv2d_s8,conv2d_114,N=6;IC=20;IH=1;IW=1;OC=480;KH=1;KW=1;SH=1;SW=1;PH=0;PW=0;DH=1;DW=1;groups=1,249531,0,11640,0.0000,0.0000,0.0000,0.0000,0.0000,0.0000,n/a
RVV,firesim_rocket_saturn,vint,397,sigmoid_s8,sigmoid_92,n=2880,320498,14400,6016,2.3936,0.0449,8.0000,38.2979,8.0000,0.0056,compute
RVV,firesim_rocket_saturn,vint,398,mul_c1_s8,mul_92,N=6;C=480;HW=20,1214536,0,0,0.0000,0.0000,0.0000,0.0000,0.0000,0.0000,n/a
RVV,firesim_rocket_saturn,vint,399,conv2d_s8,conv2d_115,N=6;IC=480;IH=4;IW=5;OC=80;KH=1;KW=1;SH=1;SW=1;PH=0;PW=0;DH=1;DW=1;groups=1,5266188,0,96320,0.0000,0.0000,0.0000,0.0000,0.0000,0.0000,n/a
RVV,firesim_rocket_saturn,vint,400,add_s8,add_11,n=9600,411326,9600,28800,0.3333,0.0233,8.0000,5.3333,5.3333,0.0044,memory
RVV,firesim_rocket_saturn,vint,401,conv2d_s8,conv2d_116,N=6;IC=80;IH=4;IW=5;OC=480;KH=1;KW=1;SH=1;SW=1;PH=0;PW=0;DH=1;DW=1;groups=1,4737778,0,49920,0.0000,0.0000,0.0000,0.0000,0.0000,0.0000,n/a
RVV,firesim_rocket_saturn,vint,402,sigmoid_s8,mul_93__sigmoid,n=57600,6407126,288000,115456,2.4945,0.0449,8.0000,39.9113,8.0000,0.0056,compute
RVV,firesim_rocket_saturn,vint,403,mul_s8,mul_93,n=57600,2531336,0,0,0.0000,0.0000,0.0000,0.0000,0.0000,0.0000,n/a
RVV,firesim_rocket_saturn,vint,404,depthwise_conv2d_s8,conv2d_117,N=6;IC=1;IH=4;IW=5;OC=480;KH=3;KW=3;SH=1;SW=1;PH=1;PW=1;DH=1;DW=1;groups=480,12923618,0,0,0.0000,0.0000,0.0000,0.0000,0.0000,0.0000,n/a
RVV,firesim_rocket_saturn,vint,405,sigmoid_s8,mul_94__sigmoid,n=57600,6169250,288000,115456,2.4945,0.0467,8.0000,39.9113,8.0000,0.0058,compute
RVV,firesim_rocket_saturn,vint,406,mul_s8,mul_94,n=57600,2526506,0,0,0.0000,0.0000,0.0000,0.0000,0.0000,0.0000,n/a
RVV,firesim_rocket_saturn,vint,407,adaptive_avg_pool2d_s8,adaptive_avg_pool2d_24,N=6;C=480;IH=4;IW=5;OH=1;OW=1,869145,0,0,0.0000,0.0000,0.0000,0.0000,0.0000,0.0000,n/a
RVV,firesim_rocket_saturn,vint,408,conv2d_s8,conv2d_118,N=6;IC=480;IH=1;IW=1;OC=20;KH=1;KW=1;SH=1;SW=1;PH=0;PW=0;DH=1;DW=1;groups=1,349643,0,12560,0.0000,0.0000,0.0000,0.0000,0.0000,0.0000,n/a
RVV,firesim_rocket_saturn,vint,409,sigmoid_s8,mul_95__sigmoid,n=120,14329,600,496,1.2097,0.0419,8.0000,19.3548,8.0000,0.0052,compute
RVV,firesim_rocket_saturn,vint,410,mul_s8,mul_95,n=120,5305,0,0,0.0000,0.0000,0.0000,0.0000,0.0000,0.0000,n/a
RVV,firesim_rocket_saturn,vint,411,conv2d_s8,conv2d_119,N=6;IC=20;IH=1;IW=1;OC=480;KH=1;KW=1;SH=1;SW=1;PH=0;PW=0;DH=1;DW=1;groups=1,249531,0,11640,0.0000,0.0000,0.0000,0.0000,0.0000,0.0000,n/a
RVV,firesim_rocket_saturn,vint,412,sigmoid_s8,sigmoid_96,n=2880,336284,14400,6016,2.3936,0.0428,8.0000,38.2979,8.0000,0.0054,compute
RVV,firesim_rocket_saturn,vint,413,mul_c1_s8,mul_96,N=6;C=480;HW=20,1211116,0,0,0.0000,0.0000,0.0000,0.0000,0.0000,0.0000,n/a
RVV,firesim_rocket_saturn,vint,414,conv2d_s8,conv2d_120,N=6;IC=480;IH=4;IW=5;OC=80;KH=1;KW=1;SH=1;SW=1;PH=0;PW=0;DH=1;DW=1;groups=1,5265378,0,96320,0.0000,0.0000,0.0000,0.0000,0.0000,0.0000,n/a
RVV,firesim_rocket_saturn,vint,415,add_s8,add_12,n=9600,411326,9600,28800,0.3333,0.0233,8.0000,5.3333,5.3333,0.0044,memory
RVV,firesim_rocket_saturn,vint,416,conv2d_s8,conv2d_121,N=6;IC=80;IH=4;IW=5;OC=480;KH=1;KW=1;SH=1;SW=1;PH=0;PW=0;DH=1;DW=1;groups=1,4737778,0,49920,0.0000,0.0000,0.0000,0.0000,0.0000,0.0000,n/a
RVV,firesim_rocket_saturn,vint,417,sigmoid_s8,mul_97__sigmoid,n=57600,6339980,288000,115456,2.4945,0.0454,8.0000,39.9113,8.0000,0.0057,compute
RVV,firesim_rocket_saturn,vint,418,mul_s8,mul_97,n=57600,2531138,0,0,0.0000,0.0000,0.0000,0.0000,0.0000,0.0000,n/a
RVV,firesim_rocket_saturn,vint,419,depthwise_conv2d_s8,conv2d_122,N=6;IC=1;IH=4;IW=5;OC=480;KH=5;KW=5;SH=1;SW=1;PH=2;PW=2;DH=1;DW=1;groups=480,23735138,0,0,0.0000,0.0000,0.0000,0.0000,0.0000,0.0000,n/a
RVV,firesim_rocket_saturn,vint,420,sigmoid_s8,mul_98__sigmoid,n=57600,6112226,288000,115456,2.4945,0.0471,8.0000,39.9113,8.0000,0.0059,compute
RVV,firesim_rocket_saturn,vint,421,mul_s8,mul_98,n=57600,2525114,0,0,0.0000,0.0000,0.0000,0.0000,0.0000,0.0000,n/a
RVV,firesim_rocket_saturn,vint,422,adaptive_avg_pool2d_s8,adaptive_avg_pool2d_25,N=6;C=480;IH=4;IW=5;OH=1;OW=1,868893,0,0,0.0000,0.0000,0.0000,0.0000,0.0000,0.0000,n/a
RVV,firesim_rocket_saturn,vint,423,conv2d_s8,conv2d_123,N=6;IC=480;IH=1;IW=1;OC=20;KH=1;KW=1;SH=1;SW=1;PH=0;PW=0;DH=1;DW=1;groups=1,349643,0,12560,0.0000,0.0000,0.0000,0.0000,0.0000,0.0000,n/a
RVV,firesim_rocket_saturn,vint,424,sigmoid_s8,mul_99__sigmoid,n=120,14455,600,496,1.2097,0.0415,8.0000,19.3548,8.0000,0.0052,compute
RVV,firesim_rocket_saturn,vint,425,mul_s8,mul_99,n=120,5347,0,0,0.0000,0.0000,0.0000,0.0000,0.0000,0.0000,n/a
RVV,firesim_rocket_saturn,vint,426,conv2d_s8,conv2d_124,N=6;IC=20;IH=1;IW=1;OC=480;KH=1;KW=1;SH=1;SW=1;PH=0;PW=0;DH=1;DW=1;groups=1,249531,0,11640,0.0000,0.0000,0.0000,0.0000,0.0000,0.0000,n/a
RVV,firesim_rocket_saturn,vint,427,sigmoid_s8,sigmoid_100,n=2880,293462,14400,6016,2.3936,0.0491,8.0000,38.2979,8.0000,0.0061,compute
RVV,firesim_rocket_saturn,vint,428,mul_c1_s8,mul_100,N=6;C=480;HW=20,1213276,0,0,0.0000,0.0000,0.0000,0.0000,0.0000,0.0000,n/a
RVV,firesim_rocket_saturn,vint,429,conv2d_s8,conv2d_125,N=6;IC=480;IH=4;IW=5;OC=112;KH=1;KW=1;SH=1;SW=1;PH=0;PW=0;DH=1;DW=1;groups=1,6425900,0,111808,0.0000,0.0000,0.0000,0.0000,0.0000,0.0000,n/a
RVV,firesim_rocket_saturn,vint,430,conv2d_s8,conv2d_126,N=6;IC=112;IH=4;IW=5;OC=672;KH=1;KW=1;SH=1;SW=1;PH=0;PW=0;DH=1;DW=1;groups=1,8093362,0,91392,0.0000,0.0000,0.0000,0.0000,0.0000,0.0000,n/a
RVV,firesim_rocket_saturn,vint,431,sigmoid_s8,mul_101__sigmoid,n=80640,8496074,403200,161536,2.4960,0.0475,8.0000,39.9366,8.0000,0.0059,compute
RVV,firesim_rocket_saturn,vint,432,mul_s8,mul_101,n=80640,3545960,0,0,0.0000,0.0000,0.0000,0.0000,0.0000,0.0000,n/a
RVV,firesim_rocket_saturn,vint,433,depthwise_conv2d_s8,conv2d_127,N=6;IC=1;IH=4;IW=5;OC=672;KH=5;KW=5;SH=1;SW=1;PH=2;PW=2;DH=1;DW=1;groups=672,33228770,0,0,0.0000,0.0000,0.0000,0.0000,0.0000,0.0000,n/a
RVV,firesim_rocket_saturn,vint,434,sigmoid_s8,mul_102__sigmoid,n=80640,8132270,403200,161536,2.4960,0.0496,8.0000,39.9366,8.0000,0.0062,compute
RVV,firesim_rocket_saturn,vint,435,mul_s8,mul_102,n=80640,3528566,0,0,0.0000,0.0000,0.0000,0.0000,0.0000,0.0000,n/a
RVV,firesim_rocket_saturn,vint,436,adaptive_avg_pool2d_s8,adaptive_avg_pool2d_26,N=6;C=672;IH=4;IW=5;OH=1;OW=1,1214451,0,0,0.0000,0.0000,0.0000,0.0000,0.0000,0.0000,n/a
RVV,firesim_rocket_saturn,vint,437,conv2d_s8,conv2d_128,N=6;IC=672;IH=1;IW=1;OC=28;KH=1;KW=1;SH=1;SW=1;PH=0;PW=0;DH=1;DW=1;groups=1,531883,0,22960,0.0000,0.0000,0.0000,0.0000,0.0000,0.0000,n/a
RVV,firesim_rocket_saturn,vint,438,sigmoid_s8,mul_103__sigmoid,n=168,17485,840,592,1.4189,0.0480,8.0000,22.7027,8.0000,0.0060,compute
RVV,firesim_rocket_saturn,vint,439,mul_s8,mul_103,n=168,7243,0,0,0.0000,0.0000,0.0000,0.0000,0.0000,0.0000,n/a
RVV,firesim_rocket_saturn,vint,440,conv2d_s8,conv2d_129,N=6;IC=28;IH=1;IW=1;OC=672;KH=1;KW=1;SH=1;SW=1;PH=0;PW=0;DH=1;DW=1;groups=1,432339,0,21672,0.0000,0.0000,0.0000,0.0000,0.0000,0.0000,n/a
RVV,firesim_rocket_saturn,vint,441,sigmoid_s8,sigmoid_104,n=4032,384224,20160,8320,2.4231,0.0525,8.0000,38.7692,8.0000,0.0066,compute
RVV,firesim_rocket_saturn,vint,442,mul_c1_s8,mul_104,N=6;C=672;HW=20,1699144,0,0,0.0000,0.0000,0.0000,0.0000,0.0000,0.0000,n/a
RVV,firesim_rocket_saturn,vint,443,conv2d_s8,conv2d_130,N=6;IC=672;IH=4;IW=5;OC=112;KH=1;KW=1;SH=1;SW=1;PH=0;PW=0;DH=1;DW=1;groups=1,8832812,0,156352,0.0000,0.0000,0.0000,0.0000,0.0000,0.0000,n/a
RVV,firesim_rocket_saturn,vint,444,add_s8,add_13,n=13440,573746,13440,40320,0.3333,0.0234,8.0000,5.3333,5.3333,0.0044,memory
RVV,firesim_rocket_saturn,vint,445,conv2d_s8,conv2d_131,N=6;IC=112;IH=4;IW=5;OC=672;KH=1;KW=1;SH=1;SW=1;PH=0;PW=0;DH=1;DW=1;groups=1,8093362,0,91392,0.0000,0.0000,0.0000,0.0000,0.0000,0.0000,n/a
RVV,firesim_rocket_saturn,vint,446,sigmoid_s8,mul_105__sigmoid,n=80640,8102432,403200,161536,2.4960,0.0498,8.0000,39.9366,8.0000,0.0062,compute
RVV,firesim_rocket_saturn,vint,447,mul_s8,mul_105,n=80640,3534380,0,0,0.0000,0.0000,0.0000,0.0000,0.0000,0.0000,n/a
RVV,firesim_rocket_saturn,vint,448,depthwise_conv2d_s8,conv2d_132,N=6;IC=1;IH=4;IW=5;OC=672;KH=5;KW=5;SH=1;SW=1;PH=2;PW=2;DH=1;DW=1;groups=672,33228770,0,0,0.0000,0.0000,0.0000,0.0000,0.0000,0.0000,n/a
RVV,firesim_rocket_saturn,vint,449,sigmoid_s8,mul_106__sigmoid,n=80640,7924946,403200,161536,2.4960,0.0509,8.0000,39.9366,8.0000,0.0064,compute
RVV,firesim_rocket_saturn,vint,450,mul_s8,mul_106,n=80640,3518180,0,0,0.0000,0.0000,0.0000,0.0000,0.0000,0.0000,n/a
RVV,firesim_rocket_saturn,vint,451,adaptive_avg_pool2d_s8,adaptive_avg_pool2d_27,N=6;C=672;IH=4;IW=5;OH=1;OW=1,1214481,0,0,0.0000,0.0000,0.0000,0.0000,0.0000,0.0000,n/a
RVV,firesim_rocket_saturn,vint,452,conv2d_s8,conv2d_133,N=6;IC=672;IH=1;IW=1;OC=28;KH=1;KW=1;SH=1;SW=1;PH=0;PW=0;DH=1;DW=1;groups=1,531883,0,22960,0.0000,0.0000,0.0000,0.0000,0.0000,0.0000,n/a
RVV,firesim_rocket_saturn,vint,453,sigmoid_s8,mul_107__sigmoid,n=168,18559,840,592,1.4189,0.0453,8.0000,22.7027,8.0000,0.0057,compute
RVV,firesim_rocket_saturn,vint,454,mul_s8,mul_107,n=168,7285,0,0,0.0000,0.0000,0.0000,0.0000,0.0000,0.0000,n/a
RVV,firesim_rocket_saturn,vint,455,conv2d_s8,conv2d_134,N=6;IC=28;IH=1;IW=1;OC=672;KH=1;KW=1;SH=1;SW=1;PH=0;PW=0;DH=1;DW=1;groups=1,432339,0,21672,0.0000,0.0000,0.0000,0.0000,0.0000,0.0000,n/a
RVV,firesim_rocket_saturn,vint,456,sigmoid_s8,sigmoid_108,n=4032,453956,20160,8320,2.4231,0.0444,8.0000,38.7692,8.0000,0.0056,compute
RVV,firesim_rocket_saturn,vint,457,mul_c1_s8,mul_108,N=6;C=672;HW=20,1695916,0,0,0.0000,0.0000,0.0000,0.0000,0.0000,0.0000,n/a
RVV,firesim_rocket_saturn,vint,458,conv2d_s8,conv2d_135,N=6;IC=672;IH=4;IW=5;OC=112;KH=1;KW=1;SH=1;SW=1;PH=0;PW=0;DH=1;DW=1;groups=1,8832812,0,156352,0.0000,0.0000,0.0000,0.0000,0.0000,0.0000,n/a
RVV,firesim_rocket_saturn,vint,459,add_s8,add_14,n=13440,573704,13440,40320,0.3333,0.0234,8.0000,5.3333,5.3333,0.0044,memory
RVV,firesim_rocket_saturn,vint,460,conv2d_s8,conv2d_136,N=6;IC=112;IH=4;IW=5;OC=672;KH=1;KW=1;SH=1;SW=1;PH=0;PW=0;DH=1;DW=1;groups=1,8093362,0,91392,0.0000,0.0000,0.0000,0.0000,0.0000,0.0000,n/a
RVV,firesim_rocket_saturn,vint,461,sigmoid_s8,mul_109__sigmoid,n=80640,8072744,403200,161536,2.4960,0.0499,8.0000,39.9366,8.0000,0.0062,compute
RVV,firesim_rocket_saturn,vint,462,mul_s8,mul_109,n=80640,3532832,0,0,0.0000,0.0000,0.0000,0.0000,0.0000,0.0000,n/a
RVV,firesim_rocket_saturn,vint,463,pad_s8,pad_29,N=6;C=672;IH=4;IW=5;pad_left=1;pad_right=2;pad_top=1;pad_bottom=2,2778177,0,0,0.0000,0.0000,0.0000,0.0000,0.0000,0.0000,n/a
RVV,firesim_rocket_saturn,vint,464,depthwise_conv2d_s8,conv2d_137,N=6;IC=1;IH=7;IW=8;OC=672;KH=5;KW=5;SH=2;SW=2;PH=0;PW=0;DH=1;DW=1;groups=672,10637251,0,0,0.0000,0.0000,0.0000,0.0000,0.0000,0.0000,n/a
RVV,firesim_rocket_saturn,vint,465,sigmoid_s8,mul_110__sigmoid,n=16128,1801022,80640,32512,2.4803,0.0448,8.0000,39.6850,8.0000,0.0056,compute
RVV,firesim_rocket_saturn,vint,466,mul_s8,mul_110,n=16128,710756,0,0,0.0000,0.0000,0.0000,0.0000,0.0000,0.0000,n/a
RVV,firesim_rocket_saturn,vint,467,adaptive_avg_pool2d_s8,adaptive_avg_pool2d_28,N=6;C=672;IH=2;IW=2;OH=1;OW=1,628101,0,0,0.0000,0.0000,0.0000,0.0000,0.0000,0.0000,n/a
RVV,firesim_rocket_saturn,vint,468,conv2d_s8,conv2d_138,N=6;IC=672;IH=1;IW=1;OC=28;KH=1;KW=1;SH=1;SW=1;PH=0;PW=0;DH=1;DW=1;groups=1,531883,0,22960,0.0000,0.0000,0.0000,0.0000,0.0000,0.0000,n/a
RVV,firesim_rocket_saturn,vint,469,sigmoid_s8,mul_111__sigmoid,n=168,20413,840,592,1.4189,0.0412,8.0000,22.7027,8.0000,0.0051,compute
RVV,firesim_rocket_saturn,vint,470,mul_s8,mul_111,n=168,7507,0,0,0.0000,0.0000,0.0000,0.0000,0.0000,0.0000,n/a
RVV,firesim_rocket_saturn,vint,471,conv2d_s8,conv2d_139,N=6;IC=28;IH=1;IW=1;OC=672;KH=1;KW=1;SH=1;SW=1;PH=0;PW=0;DH=1;DW=1;groups=1,432339,0,21672,0.0000,0.0000,0.0000,0.0000,0.0000,0.0000,n/a
RVV,firesim_rocket_saturn,vint,472,sigmoid_s8,sigmoid_112,n=4032,478694,20160,8320,2.4231,0.0421,8.0000,38.7692,8.0000,0.0053,compute
RVV,firesim_rocket_saturn,vint,473,mul_c1_s8,mul_112,N=6;C=672;HW=4,375808,0,0,0.0000,0.0000,0.0000,0.0000,0.0000,0.0000,n/a
RVV,firesim_rocket_saturn,vint,474,conv2d_s8,conv2d_140,N=6;IC=672;IH=2;IW=2;OC=192;KH=1;KW=1;SH=1;SW=1;PH=0;PW=0;DH=1;DW=1;groups=1,3803884,0,145920,0.0000,0.0000,0.0000,0.0000,0.0000,0.0000,n/a
RVV,firesim_rocket_saturn,vint,475,conv2d_s8,conv2d_141,N=6;IC=192;IH=2;IW=2;OC=1152;KH=1;KW=1;SH=1;SW=1;PH=0;PW=0;DH=1;DW=1;groups=1,6130354,0,230400,0.0000,0.0000,0.0000,0.0000,0.0000,0.0000,n/a
RVV,firesim_rocket_saturn,vint,476,sigmoid_s8,mul_113__sigmoid,n=27648,3147380,138240,55552,2.4885,0.0439,8.0000,39.8157,8.0000,0.0055,compute
RVV,firesim_rocket_saturn,vint,477,mul_s8,mul_113,n=27648,1226654,0,0,0.0000,0.0000,0.0000,0.0000,0.0000,0.0000,n/a
RVV,firesim_rocket_saturn,vint,478,depthwise_conv2d_s8,conv2d_142,N=6;IC=1;IH=2;IW=2;OC=1152;KH=5;KW=5;SH=1;SW=1;PH=2;PW=2;DH=1;DW=1;groups=1152,6083618,0,0,0.0000,0.0000,0.0000,0.0000,0.0000,0.0000,n/a
RVV,firesim_rocket_saturn,vint,479,sigmoid_s8,mul_114__sigmoid,n=27648,2944736,138240,55552,2.4885,0.0469,8.0000,39.8157,8.0000,0.0059,compute
RVV,firesim_rocket_saturn,vint,480,mul_s8,mul_114,n=27648,1212566,0,0,0.0000,0.0000,0.0000,0.0000,0.0000,0.0000,n/a
RVV,firesim_rocket_saturn,vint,481,adaptive_avg_pool2d_s8,adaptive_avg_pool2d_29,N=6;C=1152;IH=2;IW=2;OH=1;OW=1,1077051,0,0,0.0000,0.0000,0.0000,0.0000,0.0000,0.0000,n/a
RVV,firesim_rocket_saturn,vint,482,conv2d_s8,conv2d_143,N=6;IC=1152;IH=1;IW=1;OC=48;KH=1;KW=1;SH=1;SW=1;PH=0;PW=0;DH=1;DW=1;groups=1,1233609,0,62400,0.0000,0.0000,0.0000,0.0000,0.0000,0.0000,n/a
RVV,firesim_rocket_saturn,vint,483,sigmoid_s8,mul_115__sigmoid,n=288,34861,1440,832,1.7308,0.0413,8.0000,27.6923,8.0000,0.0052,compute
RVV,firesim_rocket_saturn,vint,484,mul_s8,mul_115,n=288,12457,0,0,0.0000,0.0000,0.0000,0.0000,0.0000,0.0000,n/a
RVV,firesim_rocket_saturn,vint,485,conv2d_s8,conv2d_144,N=6;IC=48;IH=1;IW=1;OC=1152;KH=1;KW=1;SH=1;SW=1;PH=0;PW=0;DH=1;DW=1;groups=1,1097679,0,60192,0.0000,0.0000,0.0000,0.0000,0.0000,0.0000,n/a
RVV,firesim_rocket_saturn,vint,486,sigmoid_s8,sigmoid_116,n=6912,842072,34560,14080,2.4545,0.0410,8.0000,39.2727,8.0000,0.0051,compute
RVV,firesim_rocket_saturn,vint,487,mul_c1_s8,mul_116,N=6;C=1152;HW=4,641842,0,0,0.0000,0.0000,0.0000,0.0000,0.0000,0.0000,n/a
RVV,firesim_rocket_saturn,vint,488,conv2d_s8,conv2d_145,N=6;IC=1152;IH=2;IW=2;OC=192;KH=1;KW=1;SH=1;SW=1;PH=0;PW=0;DH=1;DW=1;groups=1,6418114,0,249600,0.0000,0.0000,0.0000,0.0000,0.0000,0.0000,n/a
RVV,firesim_rocket_saturn,vint,489,add_s8,add_15,n=4608,197804,4608,13824,0.3333,0.0233,8.0000,5.3333,5.3333,0.0044,memory
RVV,firesim_rocket_saturn,vint,490,conv2d_s8,conv2d_146,N=6;IC=192;IH=2;IW=2;OC=1152;KH=1;KW=1;SH=1;SW=1;PH=0;PW=0;DH=1;DW=1;groups=1,6131164,0,230400,0.0000,0.0000,0.0000,0.0000,0.0000,0.0000,n/a
RVV,firesim_rocket_saturn,vint,491,sigmoid_s8,mul_117__sigmoid,n=27648,3069710,138240,55552,2.4885,0.0450,8.0000,39.8157,8.0000,0.0056,compute
RVV,firesim_rocket_saturn,vint,492,mul_s8,mul_117,n=27648,1225148,0,0,0.0000,0.0000,0.0000,0.0000,0.0000,0.0000,n/a
RVV,firesim_rocket_saturn,vint,493,depthwise_conv2d_s8,conv2d_147,N=6;IC=1;IH=2;IW=2;OC=1152;KH=5;KW=5;SH=1;SW=1;PH=2;PW=2;DH=1;DW=1;groups=1152,6082808,0,0,0.0000,0.0000,0.0000,0.0000,0.0000,0.0000,n/a
RVV,firesim_rocket_saturn,vint,494,sigmoid_s8,mul_118__sigmoid,n=27648,2879666,138240,55552,2.4885,0.0480,8.0000,39.8157,8.0000,0.0060,compute
RVV,firesim_rocket_saturn,vint,495,mul_s8,mul_118,n=27648,1214084,0,0,0.0000,0.0000,0.0000,0.0000,0.0000,0.0000,n/a
RVV,firesim_rocket_saturn,vint,496,adaptive_avg_pool2d_s8,adaptive_avg_pool2d_30,N=6;C=1152;IH=2;IW=2;OH=1;OW=1,1077261,0,0,0.0000,0.0000,0.0000,0.0000,0.0000,0.0000,n/a
RVV,firesim_rocket_saturn,vint,497,conv2d_s8,conv2d_148,N=6;IC=1152;IH=1;IW=1;OC=48;KH=1;KW=1;SH=1;SW=1;PH=0;PW=0;DH=1;DW=1;groups=1,1233609,0,62400,0.0000,0.0000,0.0000,0.0000,0.0000,0.0000,n/a
RVV,firesim_rocket_saturn,vint,498,sigmoid_s8,mul_119__sigmoid,n=288,33817,1440,832,1.7308,0.0426,8.0000,27.6923,8.0000,0.0053,compute
RVV,firesim_rocket_saturn,vint,499,mul_s8,mul_119,n=288,11755,0,0,0.0000,0.0000,0.0000,0.0000,0.0000,0.0000,n/a
RVV,firesim_rocket_saturn,vint,500,conv2d_s8,conv2d_149,N=6;IC=48;IH=1;IW=1;OC=1152;KH=1;KW=1;SH=1;SW=1;PH=0;PW=0;DH=1;DW=1;groups=1,1097679,0,60192,0.0000,0.0000,0.0000,0.0000,0.0000,0.0000,n/a
RVV,firesim_rocket_saturn,vint,501,sigmoid_s8,sigmoid_120,n=6912,835058,34560,14080,2.4545,0.0414,8.0000,39.2727,8.0000,0.0052,compute
RVV,firesim_rocket_saturn,vint,502,mul_c1_s8,mul_120,N=6;C=1152;HW=4,640924,0,0,0.0000,0.0000,0.0000,0.0000,0.0000,0.0000,n/a
RVV,firesim_rocket_saturn,vint,503,conv2d_s8,conv2d_150,N=6;IC=1152;IH=2;IW=2;OC=192;KH=1;KW=1;SH=1;SW=1;PH=0;PW=0;DH=1;DW=1;groups=1,6418114,0,249600,0.0000,0.0000,0.0000,0.0000,0.0000,0.0000,n/a
RVV,firesim_rocket_saturn,vint,504,add_s8,add_16,n=4608,197492,4608,13824,0.3333,0.0233,8.0000,5.3333,5.3333,0.0044,memory
RVV,firesim_rocket_saturn,vint,505,conv2d_s8,conv2d_151,N=6;IC=192;IH=2;IW=2;OC=1152;KH=1;KW=1;SH=1;SW=1;PH=0;PW=0;DH=1;DW=1;groups=1,6130354,0,230400,0.0000,0.0000,0.0000,0.0000,0.0000,0.0000,n/a
RVV,firesim_rocket_saturn,vint,506,sigmoid_s8,mul_121__sigmoid,n=27648,2896844,138240,55552,2.4885,0.0477,8.0000,39.8157,8.0000,0.0060,compute
RVV,firesim_rocket_saturn,vint,507,mul_s8,mul_121,n=27648,1217468,0,0,0.0000,0.0000,0.0000,0.0000,0.0000,0.0000,n/a
RVV,firesim_rocket_saturn,vint,508,depthwise_conv2d_s8,conv2d_152,N=6;IC=1;IH=2;IW=2;OC=1152;KH=5;KW=5;SH=1;SW=1;PH=2;PW=2;DH=1;DW=1;groups=1152,6083618,0,0,0.0000,0.0000,0.0000,0.0000,0.0000,0.0000,n/a
RVV,firesim_rocket_saturn,vint,509,sigmoid_s8,mul_122__sigmoid,n=27648,2806250,138240,55552,2.4885,0.0493,8.0000,39.8157,8.0000,0.0062,compute
RVV,firesim_rocket_saturn,vint,510,mul_s8,mul_122,n=27648,1209674,0,0,0.0000,0.0000,0.0000,0.0000,0.0000,0.0000,n/a
RVV,firesim_rocket_saturn,vint,511,adaptive_avg_pool2d_s8,adaptive_avg_pool2d_31,N=6;C=1152;IH=2;IW=2;OH=1;OW=1,1074771,0,0,0.0000,0.0000,0.0000,0.0000,0.0000,0.0000,n/a
RVV,firesim_rocket_saturn,vint,512,conv2d_s8,conv2d_153,N=6;IC=1152;IH=1;IW=1;OC=48;KH=1;KW=1;SH=1;SW=1;PH=0;PW=0;DH=1;DW=1;groups=1,1233609,0,62400,0.0000,0.0000,0.0000,0.0000,0.0000,0.0000,n/a
RVV,firesim_rocket_saturn,vint,513,sigmoid_s8,mul_123__sigmoid,n=288,34591,1440,832,1.7308,0.0416,8.0000,27.6923,8.0000,0.0052,compute
RVV,firesim_rocket_saturn,vint,514,mul_s8,mul_123,n=288,12745,0,0,0.0000,0.0000,0.0000,0.0000,0.0000,0.0000,n/a
RVV,firesim_rocket_saturn,vint,515,conv2d_s8,conv2d_154,N=6;IC=48;IH=1;IW=1;OC=1152;KH=1;KW=1;SH=1;SW=1;PH=0;PW=0;DH=1;DW=1;groups=1,1097679,0,60192,0.0000,0.0000,0.0000,0.0000,0.0000,0.0000,n/a
RVV,firesim_rocket_saturn,vint,516,sigmoid_s8,sigmoid_124,n=6912,840278,34560,14080,2.4545,0.0411,8.0000,39.2727,8.0000,0.0051,compute
RVV,firesim_rocket_saturn,vint,517,mul_c1_s8,mul_124,N=6;C=1152;HW=4,641560,0,0,0.0000,0.0000,0.0000,0.0000,0.0000,0.0000,n/a
RVV,firesim_rocket_saturn,vint,518,conv2d_s8,conv2d_155,N=6;IC=1152;IH=2;IW=2;OC=192;KH=1;KW=1;SH=1;SW=1;PH=0;PW=0;DH=1;DW=1;groups=1,6418114,0,249600,0.0000,0.0000,0.0000,0.0000,0.0000,0.0000,n/a
RVV,firesim_rocket_saturn,vint,519,add_s8,add_17,n=4608,197594,4608,13824,0.3333,0.0233,8.0000,5.3333,5.3333,0.0044,memory
RVV,firesim_rocket_saturn,vint,520,conv2d_s8,conv2d_156,N=6;IC=192;IH=2;IW=2;OC=1152;KH=1;KW=1;SH=1;SW=1;PH=0;PW=0;DH=1;DW=1;groups=1,6131164,0,230400,0.0000,0.0000,0.0000,0.0000,0.0000,0.0000,n/a
RVV,firesim_rocket_saturn,vint,521,sigmoid_s8,mul_125__sigmoid,n=27648,2839544,138240,55552,2.4885,0.0487,8.0000,39.8157,8.0000,0.0061,compute
RVV,firesim_rocket_saturn,vint,522,mul_s8,mul_125,n=27648,1215008,0,0,0.0000,0.0000,0.0000,0.0000,0.0000,0.0000,n/a
RVV,firesim_rocket_saturn,vint,523,depthwise_conv2d_s8,conv2d_157,N=6;IC=1;IH=2;IW=2;OC=1152;KH=3;KW=3;SH=1;SW=1;PH=1;PW=1;DH=1;DW=1;groups=1152,5004535,0,0,0.0000,0.0000,0.0000,0.0000,0.0000,0.0000,n/a
RVV,firesim_rocket_saturn,vint,524,sigmoid_s8,mul_126__sigmoid,n=27648,2748488,138240,55552,2.4885,0.0503,8.0000,39.8157,8.0000,0.0063,compute
RVV,firesim_rocket_saturn,vint,525,mul_s8,mul_126,n=27648,1209890,0,0,0.0000,0.0000,0.0000,0.0000,0.0000,0.0000,n/a
RVV,firesim_rocket_saturn,vint,526,adaptive_avg_pool2d_s8,adaptive_avg_pool2d_32,N=6;C=1152;IH=2;IW=2;OH=1;OW=1,1075617,0,0,0.0000,0.0000,0.0000,0.0000,0.0000,0.0000,n/a
RVV,firesim_rocket_saturn,vint,527,conv2d_s8,conv2d_158,N=6;IC=1152;IH=1;IW=1;OC=48;KH=1;KW=1;SH=1;SW=1;PH=0;PW=0;DH=1;DW=1;groups=1,1233609,0,62400,0.0000,0.0000,0.0000,0.0000,0.0000,0.0000,n/a
RVV,firesim_rocket_saturn,vint,528,sigmoid_s8,mul_127__sigmoid,n=288,34633,1440,832,1.7308,0.0416,8.0000,27.6923,8.0000,0.0052,compute
RVV,firesim_rocket_saturn,vint,529,mul_s8,mul_127,n=288,12697,0,0,0.0000,0.0000,0.0000,0.0000,0.0000,0.0000,n/a
RVV,firesim_rocket_saturn,vint,530,conv2d_s8,conv2d_159,N=6;IC=48;IH=1;IW=1;OC=1152;KH=1;KW=1;SH=1;SW=1;PH=0;PW=0;DH=1;DW=1;groups=1,1097679,0,60192,0.0000,0.0000,0.0000,0.0000,0.0000,0.0000,n/a
RVV,firesim_rocket_saturn,vint,531,sigmoid_s8,sigmoid_128,n=6912,831920,34560,14080,2.4545,0.0415,8.0000,39.2727,8.0000,0.0052,compute
RVV,firesim_rocket_saturn,vint,532,mul_c1_s8,mul_128,N=6;C=1152;HW=4,642706,0,0,0.0000,0.0000,0.0000,0.0000,0.0000,0.0000,n/a
RVV,firesim_rocket_saturn,vint,533,conv2d_s8,conv2d_160,N=6;IC=1152;IH=2;IW=2;OC=320;KH=1;KW=1;SH=1;SW=1;PH=0;PW=0;DH=1;DW=1;groups=1,9903330,0,397568,0.0000,0.0000,0.0000,0.0000,0.0000,0.0000,n/a
RVV,firesim_rocket_saturn,vint,534,conv2d_s8,conv2d_161,N=6;IC=320;IH=2;IW=2;OC=1280;KH=1;KW=1;SH=1;SW=1;PH=0;PW=0;DH=1;DW=1;groups=1,10690556,0,422400,0.0000,0.0000,0.0000,0.0000,0.0000,0.0000,n/a
RVV,firesim_rocket_saturn,vint,535,sigmoid_s8,mul_129__sigmoid,n=30720,2947910,153600,61696,2.4896,0.0521,8.0000,39.8340,8.0000,0.0065,compute
RVV,firesim_rocket_saturn,vint,536,mul_s8,mul_129,n=30720,1340186,0,0,0.0000,0.0000,0.0000,0.0000,0.0000,0.0000,n/a
RVV,firesim_rocket_saturn,vint,537,adaptive_avg_pool2d_s8,adaptive_avg_pool2d_33,N=6;C=1280;IH=2;IW=2;OH=1;OW=1,1196001,0,0,0.0000,0.0000,0.0000,0.0000,0.0000,0.0000,n/a
RVV,firesim_rocket_saturn,vint,538,linear_s8,linear_1,M=6;K=1280;N=512,2838680,7864320,668160,11.7701,2.7704,8.0000,188.3218,8.0000,0.3463,compute
RVV,firesim_rocket_saturn,vint,539,cast_f16_to_i8,linear__cast_i8,n=512,9958,0,0,0.0000,0.0000,0.0000,0.0000,0.0000,0.0000,n/a
RVV,firesim_rocket_saturn,vint,540,cat2_c1_s8,cat_1,N=1;H=1;W=512;C_total=7;C_inputs=6|1,191986,0,7168,0.0000,0.0000,0.0000,0.0000,0.0000,0.0000,n/a
RVV,firesim_rocket_saturn,vint,541,add_s8,add_18,n=3584,135419,3584,10752,0.3333,0.0265,8.0000,5.3333,5.3333,0.0050,memory
RVV,firesim_rocket_saturn,vint,542,layer_norm_s8,layer_norm,M=7;K=512,269307,0,0,0.0000,0.0000,0.0000,0.0000,0.0000,0.0000,n/a
RVV,firesim_rocket_saturn,vint,543,linear_s8,linear_2,M=7;K=512;N=1536,4257951,11010048,806912,13.6447,2.5858,8.0000,218.3147,8.0000,0.3232,compute
RVV,firesim_rocket_saturn,vint,544,matmul_s8,scaled_dot_product_attention_qk,M=7;K=128;N=7,90284,0,0,0.0000,0.0000,0.0000,0.0000,0.0000,0.0000,n/a
RVV,firesim_rocket_saturn,vint,545,softmax_s8,scaled_dot_product_attention_softmax,M=7;K=7,10437,0,0,0.0000,0.0000,0.0000,0.0000,0.0000,0.0000,n/a
RVV,firesim_rocket_saturn,vint,546,matmul_s8,scaled_dot_product_attention_av,M=7;K=7;N=128,120429,0,0,0.0000,0.0000,0.0000,0.0000,0.0000,0.0000,n/a
RVV,firesim_rocket_saturn,vint,547,linear_s8,linear_3,M=7;K=512;N=512,1419423,3670016,271360,13.5245,2.5856,8.0000,216.3925,8.0000,0.3232,compute
RVV,firesim_rocket_saturn,vint,548,add_s8,add_19,n=3584,137363,3584,10752,0.3333,0.0261,8.0000,5.3333,5.3333,0.0049,memory
RVV,firesim_rocket_saturn,vint,549,layer_norm_s8,layer_norm_1,M=7;K=512,263862,0,0,0.0000,0.0000,0.0000,0.0000,0.0000,0.0000,n/a
RVV,firesim_rocket_saturn,vint,550,linear_s8,linear_4,M=7;K=512;N=2048,5678026,14680064,1074688,13.6598,2.5854,8.0000,218.5574,8.0000,0.3232,compute
RVV,firesim_rocket_saturn,vint,551,gelu_s8,gelu,n=14336,4172875,0,0,0.0000,0.0000,0.0000,0.0000,0.0000,0.0000,n/a
RVV,firesim_rocket_saturn,vint,552,linear_s8,linear_5,M=7;K=2048;N=512,5204128,14680064,1068544,13.7384,2.8208,8.0000,219.8141,8.0000,0.3526,compute
RVV,firesim_rocket_saturn,vint,553,add_s8,add_20,n=3584,137860,3584,10752,0.3333,0.0260,8.0000,5.3333,5.3333,0.0049,memory
RVV,firesim_rocket_saturn,vint,554,layer_norm_s8,layer_norm_2,M=7;K=512,268561,0,0,0.0000,0.0000,0.0000,0.0000,0.0000,0.0000,n/a
RVV,firesim_rocket_saturn,vint,555,linear_s8,linear_6,M=7;K=512;N=1536,4257951,11010048,806912,13.6447,2.5858,8.0000,218.3147,8.0000,0.3232,compute
RVV,firesim_rocket_saturn,vint,556,matmul_s8,scaled_dot_product_attention_1_qk,M=7;K=128;N=7,90190,0,0,0.0000,0.0000,0.0000,0.0000,0.0000,0.0000,n/a
RVV,firesim_rocket_saturn,vint,557,softmax_s8,scaled_dot_product_attention_1_softmax,M=7;K=7,10378,0,0,0.0000,0.0000,0.0000,0.0000,0.0000,0.0000,n/a
RVV,firesim_rocket_saturn,vint,558,matmul_s8,scaled_dot_product_attention_1_av,M=7;K=7;N=128,120617,0,0,0.0000,0.0000,0.0000,0.0000,0.0000,0.0000,n/a
RVV,firesim_rocket_saturn,vint,559,linear_s8,linear_7,M=7;K=512;N=512,1420233,3670016,271360,13.5245,2.5841,8.0000,216.3925,8.0000,0.3230,compute
RVV,firesim_rocket_saturn,vint,560,add_s8,add_21,n=3584,138100,3584,10752,0.3333,0.0260,8.0000,5.3333,5.3333,0.0049,memory
RVV,firesim_rocket_saturn,vint,561,layer_norm_s8,layer_norm_3,M=7;K=512,263816,0,0,0.0000,0.0000,0.0000,0.0000,0.0000,0.0000,n/a
RVV,firesim_rocket_saturn,vint,562,linear_s8,linear_8,M=7;K=512;N=2048,5677216,14680064,1074688,13.6598,2.5858,8.0000,218.5574,8.0000,0.3232,compute
RVV,firesim_rocket_saturn,vint,563,gelu_s8,gelu_1,n=14336,4147767,0,0,0.0000,0.0000,0.0000,0.0000,0.0000,0.0000,n/a
RVV,firesim_rocket_saturn,vint,564,linear_s8,linear_9,M=7;K=2048;N=512,5204128,14680064,1068544,13.7384,2.8208,8.0000,219.8141,8.0000,0.3526,compute
RVV,firesim_rocket_saturn,vint,565,add_s8,add_22,n=3584,139043,3584,10752,0.3333,0.0258,8.0000,5.3333,5.3333,0.0048,memory
RVV,firesim_rocket_saturn,vint,566,layer_norm_s8,layer_norm_4,M=7;K=512,267842,0,0,0.0000,0.0000,0.0000,0.0000,0.0000,0.0000,n/a
RVV,firesim_rocket_saturn,vint,567,linear_s8,linear_10,M=7;K=512;N=1536,4258761,11010048,806912,13.6447,2.5853,8.0000,218.3147,8.0000,0.3232,compute
RVV,firesim_rocket_saturn,vint,568,matmul_s8,scaled_dot_product_attention_2_qk,M=7;K=128;N=7,90101,0,0,0.0000,0.0000,0.0000,0.0000,0.0000,0.0000,n/a
RVV,firesim_rocket_saturn,vint,569,softmax_s8,scaled_dot_product_attention_2_softmax,M=7;K=7,8349,0,0,0.0000,0.0000,0.0000,0.0000,0.0000,0.0000,n/a
RVV,firesim_rocket_saturn,vint,570,matmul_s8,scaled_dot_product_attention_2_av,M=7;K=7;N=128,120567,0,0,0.0000,0.0000,0.0000,0.0000,0.0000,0.0000,n/a
RVV,firesim_rocket_saturn,vint,571,linear_s8,linear_11,M=7;K=512;N=512,1419423,3670016,271360,13.5245,2.5856,8.0000,216.3925,8.0000,0.3232,compute
RVV,firesim_rocket_saturn,vint,572,add_s8,add_23,n=3584,138003,3584,10752,0.3333,0.0260,8.0000,5.3333,5.3333,0.0049,memory
RVV,firesim_rocket_saturn,vint,573,layer_norm_s8,layer_norm_5,M=7;K=512,258832,0,0,0.0000,0.0000,0.0000,0.0000,0.0000,0.0000,n/a
RVV,firesim_rocket_saturn,vint,574,linear_s8,linear_12,M=7;K=512;N=2048,5677216,14680064,1074688,13.6598,2.5858,8.0000,218.5574,8.0000,0.3232,compute
RVV,firesim_rocket_saturn,vint,575,gelu_s8,gelu_2,n=14336,3454792,0,0,0.0000,0.0000,0.0000,0.0000,0.0000,0.0000,n/a
RVV,firesim_rocket_saturn,vint,576,linear_s8,linear_13,M=7;K=2048;N=512,5204128,14680064,1068544,13.7384,2.8208,8.0000,219.8141,8.0000,0.3526,compute
RVV,firesim_rocket_saturn,vint,577,add_s8,add_24,n=3584,139856,3584,10752,0.3333,0.0256,8.0000,5.3333,5.3333,0.0048,memory
RVV,firesim_rocket_saturn,vint,578,layer_norm_s8,layer_norm_6,M=7;K=512,268243,0,0,0.0000,0.0000,0.0000,0.0000,0.0000,0.0000,n/a
RVV,firesim_rocket_saturn,vint,579,linear_s8,linear_14,M=7;K=512;N=1536,4258761,11010048,806912,13.6447,2.5853,8.0000,218.3147,8.0000,0.3232,compute
RVV,firesim_rocket_saturn,vint,580,matmul_s8,scaled_dot_product_attention_3_qk,M=7;K=128;N=7,90166,0,0,0.0000,0.0000,0.0000,0.0000,0.0000,0.0000,n/a
RVV,firesim_rocket_saturn,vint,581,softmax_s8,scaled_dot_product_attention_3_softmax,M=7;K=7,10368,0,0,0.0000,0.0000,0.0000,0.0000,0.0000,0.0000,n/a
RVV,firesim_rocket_saturn,vint,582,matmul_s8,scaled_dot_product_attention_3_av,M=7;K=7;N=128,120607,0,0,0.0000,0.0000,0.0000,0.0000,0.0000,0.0000,n/a
RVV,firesim_rocket_saturn,vint,583,linear_s8,linear_15,M=7;K=512;N=512,1419423,3670016,271360,13.5245,2.5856,8.0000,216.3925,8.0000,0.3232,compute
RVV,firesim_rocket_saturn,vint,584,add_s8,add_25,n=3584,140251,3584,10752,0.3333,0.0256,8.0000,5.3333,5.3333,0.0048,memory
RVV,firesim_rocket_saturn,vint,585,layer_norm_s8,layer_norm_7,M=7;K=512,259482,0,0,0.0000,0.0000,0.0000,0.0000,0.0000,0.0000,n/a
RVV,firesim_rocket_saturn,vint,586,linear_s8,linear_16,M=7;K=512;N=2048,5677216,14680064,1074688,13.6598,2.5858,8.0000,218.5574,8.0000,0.3232,compute
RVV,firesim_rocket_saturn,vint,587,gelu_s8,gelu_3,n=14336,3218399,0,0,0.0000,0.0000,0.0000,0.0000,0.0000,0.0000,n/a
RVV,firesim_rocket_saturn,vint,588,linear_s8,linear_17,M=7;K=2048;N=512,5204128,14680064,1068544,13.7384,2.8208,8.0000,219.8141,8.0000,0.3526,compute
RVV,firesim_rocket_saturn,vint,589,add_s8,add_26,n=3584,140667,3584,10752,0.3333,0.0255,8.0000,5.3333,5.3333,0.0048,memory
RVV,firesim_rocket_saturn,vint,590,linear_s8,linear_18,M=1;K=3584;N=512,1284178,3670016,1841152,1.9933,2.8579,8.0000,31.8932,8.0000,0.3572,compute
RVV,firesim_rocket_saturn,vint,591,cast_i8_to_f16,linear_18__cast_f16,n=512,222,0,0,0.0000,0.0000,0.0000,0.0000,0.0000,0.0000,n/a
RVV,firesim_rocket_saturn,vint,592,relu_f16,relu,n=512,6166,512,2048,0.2500,0.0830,16.0000,4.0000,4.0000,0.0208,memory
RVV,firesim_rocket_saturn,vint,593,linear_f16,linear_19,M=1;K=512;N=256,32938,262144,263680,0.9942,7.9587,16.0000,15.9068,15.9068,0.5003,memory
RVV,firesim_rocket_saturn,vint,594,relu_f16,relu_1,n=256,3094,256,1024,0.2500,0.0827,16.0000,4.0000,4.0000,0.0207,memory
RVV,firesim_rocket_saturn,vint,595,linear_f16,linear_20,M=1;K=256;N=128,8672,65536,66304,0.9884,7.5572,16.0000,15.8147,15.8147,0.4779,memory
RVV,firesim_rocket_saturn,vint,596,relu_f16,relu_2,n=128,1558,128,512,0.2500,0.0822,16.0000,4.0000,4.0000,0.0205,memory
RVV,firesim_rocket_saturn,vint,597,linear_f16,linear_21,M=1;K=128;N=64,2512,16384,16768,0.9771,6.5223,16.0000,15.6336,15.6336,0.4172,memory
RVV,firesim_rocket_saturn,vint,598,relu_f16,relu_3,n=64,791,64,256,0.2500,0.0809,16.0000,4.0000,4.0000,0.0202,memory
RVV,firesim_rocket_saturn,vint,599,linear_f16,linear_22,M=1;K=64;N=32,824,4096,4288,0.9552,4.9709,16.0000,15.2836,15.2836,0.3252,memory
RVV,firesim_rocket_saturn,vint,600,relu_f16,relu_4,n=32,408,32,128,0.2500,0.0784,16.0000,4.0000,4.0000,0.0196,memory
RVV,firesim_rocket_saturn,vint,601,cast_f16_to_i8,relu_4__cast_i8,n=32,627,0,0,0.0000,0.0000,0.0000,0.0000,0.0000,0.0000,n/a
RVV,firesim_rocket_saturn,vint,602,linear_s8,linear_23,M=1;K=32;N=1,147,64,69,0.9275,0.4354,8.0000,14.8406,8.0000,0.0544,compute
RVV,firesim_rocket_saturn,vint,603,linear_s8,linear_24,M=1;K=32;N=20,1401,1280,772,1.6580,0.9136,8.0000,26.5285,8.0000,0.1142,compute
RVV,firesim_rocket_saturn,vint,604,vint_action_post,vint_action_post,n_wp=5;n_dim=4,172,0,0,0.0000,0.0000,0.0000,0.0000,0.0000,0.0000,n/a
